date,type,category,client,amount
2018-03-15,sale,Women's hair cut,KERT01,82.0
2018-04-05,sale,Women's hair cut,COOM01,70.0
2018-06-09,sale,Consultation,PEDM01,0.0
2018-06-09,sale,Women's hair cut,BAIS01,55.0
2018-06-09,sale,Women's hair cut,FRAL01,65.0
2018-06-09,sale,Color full color,FRAL01,75.0
2018-06-09,sale,Blowdry,LEVL01,0.0
2018-06-09,sale,Women's hair cut,JASA01,102.0
2018-06-09,sale,Women's hair cut,CHOT01,45.0
2018-06-09,sale,Smart Bond,CHOT01,25.0
2018-06-09,sale,Women's hair cut,KUZD01,65.0
2018-06-09,sale,Color touch up,KUZD01,60.0
2018-04-05,sale,Men's hair cut,TINT01,30.0
2018-06-09,sale,Women's hair cut,NEMM01,82.0
2018-06-09,sale,Blowdry,OBRK01,35.0
2018-06-12,sale,Blowdry,PER*01,52.0
2018-06-12,sale,Men's hair cut,LEEP01,60.0
2018-06-12,sale,Blowdry,NELT01,52.0
2018-06-12,sale,Men's hair cut,LEL01,35.0
2018-06-12,sale,Shu cleansing oil sh400ml,LEL01,50.4
2018-06-12,sale,Women's hair cut,MORB01,102.0
2018-06-12,sale,Color touch up,MORB01,70.0
2018-06-12,sale,Smart Bond,ALCV01,25.0
2018-06-12,sale,Balayage,ALCV01,170.0
2018-06-12,sale,Color toner,ALCV01,45.0
2018-06-12,sale,Smart Bond,ALCV01,25.0
2018-04-05,sale,Men's hair cut,SCHJ01,60.0
2018-06-12,sale,Partial highlights and color,CLAM01,160.0
2018-06-12,sale,Women's hair cut,LINM02,102.0
2018-06-12,sale,PO hydrate sh  250ml,LINM02,30.73
2018-06-12,sale,Women's hair cut,TAYL02,82.0
2018-06-12,sale,Men's hair cut,PIPJ01,60.0
2018-06-12,sale,Women's hair cut,MCCK01,55.0
2018-06-12,sale,Women's hair cut,DAJR01,92.0
2018-06-12,sale,Color full color,DAJR01,75.0
2018-06-12,sale,Women's hair cut,KULR01,75.0
2018-06-12,sale,Women's hair cut,GIAL01,92.0
2018-06-12,sale,Highlights partial,GIAL01,150.0
2018-06-13,sale,Men's hair cut,WICJ01,40.0
2018-06-13,sale,Women's hair cut,FELH01,102.0
2018-04-05,sale,Color touch up,HOLL01,55.0
2018-04-05,sale,Women's hair cut,HOLL01,80.0
2018-06-13,sale,Women's hair cut,BELK01,55.0
2018-06-13,sale,Women's hair cut,NEEL01,102.0
2018-06-13,sale,Color touch up,NEEL01,70.0
2018-06-13,sale,Color full color,LIND01,75.0
2018-06-13,sale,Women's hair cut,LIND01,92.0
2018-06-13,sale,Blowdry,ELSM01,55.0
2018-06-13,sale,Highlights partial,SHIG01,140.0
2018-06-13,sale,Women's hair cut,SHIG01,102.0
2018-06-13,sale,Women's hair cut,MINA01,82.0
2018-06-13,sale,Men's hair cut,WARN01,60.0
2018-06-13,sale,Men's hair cut,MAKP01,35.0
2018-04-05,sale,Women's hair cut,SHIG01,92.0
2018-04-05,sale,Highlights partial,SHIG01,100.0
2018-06-13,sale,Women's hair cut,COLJ02,82.0
2018-06-13,sale,PO CV instant levitation mist,COLJ02,35.4
2018-06-14,sale,Men's hair cut,SHAA01,50.0
2018-06-14,sale,Discount/Promotion,WALK_IN,0.0
2018-06-14,sale,Men's hair cut,FLAD01,50.0
2018-06-14,sale,Blowdry,KUKK01,50.0
2018-06-14,sale,Discount/Promotion,KUKK01,-50.0
2018-06-14,sale,Highlights full,MACM01,140.0
2018-06-14,sale,Men's hair cut,MCNR01,35.0
2018-06-14,sale,Men's hair cut,MCND01,0.0
2018-06-14,sale,Women's hair cut,NOWT01,102.0
2018-04-05,sale,Blow dry bundle 5+1,HILJ01,230.0
2018-06-14,sale,Discount/Promotion,WONM02,260.0
2018-06-14,sale,Blowdry,?A01,35.0
2018-06-14,sale,Women's hair cut,DES01,60.0
2018-06-14,sale,Men's hair cut,TSAR01,60.0
2018-06-14,sale,Women's hair cut,MARA01,80.0
2018-06-14,sale,Women's hair cut,HACL01,82.0
2018-04-05,sale,Men's hair cut,SUPR01,30.0
2018-06-14,sale,miscellaneous,STAD01,25.0
2018-06-14,sale,Women's hair cut,BOOR01,82.0
2018-06-14,sale,Treatments 1,CAYK01,20.0
2018-06-14,sale,Blowdry,CAYK01,52.0
2018-06-14,sale,Color touch up,CAYK01,70.0
2018-06-14,sale,PO strength cure sh 250ml,CAYK01,30.73
2018-06-14,sale,Blowdry,TOMV01,32.0
2018-06-14,sale,Color toner,FAUA01,45.0
2018-06-14,sale,Women's hair cut,FAUA01,45.0
2018-06-14,sale,Women's hair cut,KUMA01,55.0
2018-06-15,sale,Men's hair cut,BRAN01,50.0
2018-06-15,sale,Blowdry,DANJ03,52.0
2018-04-05,sale,Men's hair cut,BREM01,35.0
2018-06-15,sale,Men's hair cut,COLJ01,60.0
2018-06-15,sale,Men's hair cut,KLEA01,50.0
2018-06-15,sale,KM Night Rider 100g,KLEA01,28.8
2018-06-15,sale,Blowdry,COLG01,50.0
2018-06-15,sale,Women's hair cut,TINA02,82.0
2018-06-15,sale,Men's hair cut,THOD01,60.0
2018-06-15,sale,Shu urban moisture sh 300,THOD01,41.4
2018-06-15,sale,Women's hair cut,CRAY01,55.0
2018-06-15,sale,Shu BB cream thick 150m,CRAY01,37.8
2018-06-15,sale,Women's hair cut,COOM01,80.0
2018-06-15,sale,Blowdry,SIRM01,50.0
2018-06-15,sale,Discount/Promotion,SIRM01,-50.0
2018-06-15,sale,Women's hair cut,CHEW01,0.0
2018-06-15,sale,Men's hair cut,SPIJ01,50.0
2018-04-05,sale,Men's hair cut,PIPJ01,40.0
2018-06-15,sale,Color touch up,ROBT01,70.0
2018-06-15,sale,Blowdry,WIL*01,52.0
2018-06-15,sale,Blowdry,REIL01,50.0
2018-06-15,sale,Color full color,HUDS01,85.0
2018-06-15,sale,Women's hair cut,TINA01,102.0
2018-06-15,sale,Color touch up,YANC01,50.0
2018-06-15,sale,Blowdry,WARG01,52.0
2018-06-15,sale,Accent lights and color,SCHC01,140.0
2018-06-15,sale,PO hydrate sh  250ml,SCHC01,30.73
2018-06-15,sale,Women's hair cut,MACV01,60.0
2018-06-15,sale,Blowdry,HILJ01,50.0
2018-06-15,sale,Color touch up,HILJ01,70.0
2018-06-15,sale,Discount/Promotion,HILJ01,-50.0
2018-06-15,sale,Women's hair cut,VERR01,82.0
2018-06-15,sale,Blowdry,CARK01,35.0
2018-06-15,sale,Women's hair cut,TAGS02,65.0
2018-06-15,sale,Color touch up,TAGS02,45.0
2018-06-15,sale,Women's hair cut,OSES01,82.0
2018-06-15,sale,Men's hair cut,ALIA01,50.0
2018-06-16,sale,Blowdry,MASR01,32.0
2018-03-15,sale,Men's camo color,SCHJ01,0.0
2018-03-15,sale,Men's hair cut,SCHJ01,0.0
2018-03-15,sale,Consultation,SCHJ01,0.0
2018-06-16,sale,Men's hair cut,MARG01,60.0
2018-06-16,sale,Color touch up,TUMM01,70.0
2018-06-16,sale,Blowdry,TUMM01,55.0
2018-06-16,sale,Men's hair cut,MAXI01,35.0
2018-06-16,sale,Women's hair cut,SCHH01,102.0
2018-06-16,sale,Women's hair cut,GARJ01,102.0
2018-06-16,sale,Color full color,GARJ01,85.0
2018-06-16,sale,KM Motion lotion 150ml,GARJ01,28.8
2018-06-16,sale,Women's hair cut,DEUD01,45.0
2018-06-16,sale,Women's hair cut,RICS01,82.0
2018-06-16,sale,Color touch up,PHIJ01,70.0
2018-04-05,sale,Men's hair cut,LYNG01,40.0
2018-06-16,sale,Balayage,ROPR01,150.0
2018-06-16,sale,Women's hair cut,ROPR01,65.0
2018-06-16,sale,Smart Bond,ROPR01,25.0
2018-06-16,sale,Women's hair cut,SASA01,55.0
2018-06-16,sale,Color full color,MARM01,70.0
2018-06-17,sale,Men's hair cut,BOTN01,50.0
2018-06-17,sale,Men's hair cut,STOD01,50.0
2018-06-17,sale,Women's hair cut,BREH01,102.0
2018-06-17,sale,LP wild stylers savage panache,BREH01,23.4
2018-06-17,sale,Blowdry,HUDM01,50.0
2018-06-17,sale,Blowdry,HUDS01,50.0
2018-04-06,sale,Women's hair cut,BUZI01,0.0
2018-06-17,sale,Blowdry,WOOJ01,50.0
2018-06-19,sale,Treatments 1,STEK02,0.0
2018-06-19,sale,Blowdry,STEK02,55.0
2018-06-19,sale,Women's hair cut,NIZS01,60.0
2018-06-19,sale,PO hydrate sheer con 250ml,NIZS01,33.52
2018-06-19,sale,PO hydrate sh  250ml,NIZS01,30.73
2018-06-19,sale,Consultation,MOOH01,0.0
2018-06-19,sale,LP wild stylers beach waves 15,MOOH01,24.3
2018-06-19,sale,Women's hair cut,RICP01,80.0
2018-06-19,sale,Men's hair cut,SARA01,60.0
2018-06-19,sale,Highlights partial,TAYL01,160.0
2018-04-06,sale,Men's hair cut,LEEP01,40.0
2018-06-19,sale,Women's hair cut,HOAS01,55.0
2018-06-19,sale,Women's hair cut,HOUN01,82.0
2018-06-19,sale,Men's hair cut,TRES01,30.0
2018-06-19,sale,Women's hair cut,CHIC01,45.0
2018-06-19,sale,Color full color,DHAN01,75.0
2018-06-19,sale,Blowdry,DHAN01,42.0
2018-06-19,sale,Men's hair cut,MELE01,50.0
2018-06-19,sale,LP homme strong 150m,MELE01,20.5
2018-06-19,sale,KM Night Rider 100g,MELE01,32.0
2018-06-19,sale,miscellaneous,MACS01,20.0
2018-06-19,sale,Women's hair cut,HOFJ01,55.0
2018-06-19,sale,Men's hair cut,BROS02,50.0
2018-06-19,sale,Men's hair cut,JOHM01,35.0
2018-06-19,sale,Women's hair cut,MOSR01,82.0
2018-06-20,sale,Women's hair cut,KERT01,102.0
2018-06-20,sale,Women's hair cut,CHIT01,82.0
2018-06-20,sale,Men's hair cut,WITC01,35.0
2018-04-06,sale,Women's hair cut,SINM01,82.0
2018-04-06,sale,elchim dryer,SINM01,199.2
2018-06-20,sale,Color touch up,WAGM01,50.0
2018-06-20,sale,Men's hair cut,SLUS01,60.0
2018-06-20,sale,Men's hair cut,POTR01,60.0
2018-06-20,sale,accent lights,CORS01,140.0
2018-06-20,sale,Women's hair cut,CORS01,102.0
2018-06-20,sale,Women's hair cut,VERM01,102.0
2018-06-20,sale,Women's hair cut,MACD01,55.0
2018-06-20,sale,Men's hair cut,SCHJ01,60.0
2018-06-20,sale,Men's camo color,SCHJ01,45.0
2018-06-20,sale,Women's hair cut,TRIL01,82.0
2018-06-20,sale,Women's hair cut,WAL*01,82.0
2018-06-20,sale,Men's hair cut,BORJ01,60.0
2018-06-21,sale,Blowdry,DONN01,32.0
2018-06-21,sale,Blowdry,RIHM01,30.0
2018-06-21,sale,Women's hair cut,MANL01,80.0
2018-06-21,sale,Women's hair cut,HILE01,102.0
2018-06-21,sale,Color touch up,GHOP01,70.0
2018-06-21,sale,Women's hair cut,GHOP01,80.0
2018-06-21,sale,miscellaneous,GHOP01,-45.0
2018-06-21,sale,Women's hair cut,RUBA01,82.0
2018-06-21,sale,Accent lights and color,COLG01,140.0
2018-06-21,sale,Blowdry,COLG01,50.0
2018-06-21,sale,Women's hair cut,KOZC01,55.0
2018-04-06,sale,Women's hair cut,BROS01,60.0
2018-06-21,sale,Blowdry,KUKK01,50.0
2018-06-21,sale,Discount/Promotion,KUKK01,-50.0
2018-06-21,sale,Color touch up,BURL01,70.0
2018-06-21,sale,Women's hair cut,BURL01,75.0
2018-06-21,sale,Women's hair cut,AINM01,102.0
2018-06-21,sale,Color touch up,WYRC01,70.0
2018-06-21,sale,Consultation,JM01,10.0
2018-06-21,sale,Women's hair cut,BHAT01,60.0
2018-06-21,sale,Women's hair cut,MOLA01,102.0
2018-06-21,sale,Men's hair cut,HENB01,60.0
2018-04-06,sale,Men's camo color,PLUJ01,0.0
2018-04-06,sale,Men's hair cut,PLUJ01,40.0
2018-06-21,sale,Men's hair cut,BURT01,60.0
2018-06-21,sale,Women's hair cut,LEEM01,102.0
2018-06-21,sale,Color full color,LEEM01,85.0
2018-06-21,sale,Women's hair cut,RUTR01,102.0
2018-06-21,sale,Color full color,RUTR01,85.0
2018-06-22,sale,Discount/Promotion,SIRM01,250.0
2018-06-22,sale,Women's hair cut,KATS01,55.0
2018-06-22,sale,Women's hair cut,WIL*01,102.0
2018-06-22,sale,Color touch up,WIL*01,70.0
2018-06-22,sale,Women's hair cut,PANP01,55.0
2018-06-22,sale,Men's hair cut,KOEE01,35.0
2018-06-22,sale,Men's hair cut,MURS01,5.0
2018-04-06,sale,Men's hair cut,KLEA01,30.0
2018-06-22,sale,Women's hair cut,NGUS01,102.0
2018-06-22,sale,Men's hair cut,ABL*01,50.0
2018-06-22,sale,Shu cleansing oil sh400ml,ABL*01,50.4
2018-06-22,sale,Men's hair cut,CROB01,35.0
2018-06-22,sale,miscellaneous,CROB01,18.0
2018-06-22,sale,Women's hair cut,DSIC01,82.0
2018-06-22,sale,Discount/Promotion,HILJ01,250.0
2018-06-22,sale,Consultation,KHUN01,20.0
2018-06-22,sale,Men's hair cut,LIMB01,50.0
2018-06-22,sale,Men's hair cut,BUDG02,50.0
2018-03-15,sale,Men's hair cut,SCHJ02,40.0
2018-04-06,sale,Color full color,MORB01,70.0
2018-04-06,sale,Blowdry,MORB01,40.0
2018-06-22,sale,Consultation,INFB01,0.0
2018-06-22,sale,Blowdry,WOOD02,52.0
2018-06-23,sale,Women's hair cut,SPRK01,81.6
2018-06-23,sale,Blowdry,HUAR01,35.0
2018-06-23,sale,Color touch up,ERWS01,70.0
2018-06-23,sale,Women's hair cut,ERWS01,102.0
2018-06-23,sale,KM Night Rider 100g,ERWS01,28.8
2018-06-23,sale,Men's hair cut,TIEM01,35.0
2018-06-23,sale,double process blonde,TIEM01,100.0
2018-06-23,sale,Color toner,TIEM01,20.0
2018-06-23,sale,Smart Bond,TIEM01,50.0
2018-06-23,sale,Color touch up,FIGM01,65.0
2018-06-23,sale,Women's hair cut,CONJ01,82.0
2018-06-23,sale,Accent lights and color,LEEO01,140.0
2018-04-06,sale,Men's hair cut,THOW02,40.0
2018-06-23,sale,Women's hair cut,TAYB01,82.0
2018-06-23,sale,Women's hair cut,SUNS01,45.0
2018-06-23,sale,Color touch up,SUNS01,65.0
2018-06-23,sale,Color full color,BENS02,65.0
2018-06-23,sale,PO Hydrate sheer sh 250ml,BENS02,30.73
2018-06-23,sale,Women's hair cut,RUDJ01,45.0
2018-06-23,sale,Color touch up,WOOJ01,70.0
2018-06-23,sale,Blowdry,WOOJ01,52.0
2018-06-23,sale,Blowdry,?A01,55.0
2018-06-26,sale,Women's hair cut,LINJ01,102.0
2018-06-26,sale,Men's hair cut,YATT01,50.0
2018-06-26,sale,Men's hair cut,NIES02,60.0
2018-06-26,sale,Women's hair cut,BRES01,102.0
2018-06-26,sale,Men's hair cut,PARJ02,35.0
2018-06-26,sale,Women's hair cut,STEK01,80.0
2018-06-26,sale,Blowdry,NELT01,52.0
2018-06-26,sale,Women's hair cut,LEHF01,60.0
2018-06-26,sale,Men's hair cut,ZUKS01,50.0
2018-06-26,sale,Blowdry,RICP01,55.0
2018-04-06,sale,Accent lights and color,NGUS01,90.0
2018-06-26,sale,Women's hair cut,MARD01,80.0
2018-06-26,sale,Men's hair cut,VERD01,55.0
2018-06-26,sale,Blowdry,FIND01,45.0
2018-06-26,sale,Highlights partial,FIND01,150.0
2018-06-26,sale,Men's hair cut,TRAJ01,60.0
2018-06-26,sale,Blowdry,PENM01,50.0
2018-06-26,sale,Color mini touch up,PENM01,50.0
2018-06-26,sale,Discount/Promotion,PENM01,-50.0
2018-06-26,sale,Women's hair cut,FRAM01,45.0
2018-06-26,sale,Women's hair cut,FER*01,60.0
2018-06-26,sale,Women's hair cut,FANM01,82.0
2018-06-26,sale,Consultation,LEM01,0.0
2018-06-26,sale,Color full color,ZHAV01,65.0
2018-06-27,sale,Men's hair cut,BERI01,60.0
2018-06-27,sale,Men's hair cut,STEH01,60.0
2018-06-27,sale,Men's hair cut,LYNG01,60.0
2018-06-27,sale,Blowdry,LEWH02,35.0
2018-06-27,sale,Men's hair cut,GREB01,40.0
2018-06-27,sale,Women's hair cut,WOOD01,102.0
2018-06-27,sale,Color touch up,WOOD01,70.0
2018-06-27,sale,Blowdry,MESN01,50.0
2018-06-27,sale,Blowdry,HOLL01,50.0
2018-06-27,sale,Color touch up,HOLL01,70.0
2018-06-27,sale,Men's hair cut,HOWC01,60.0
2018-06-27,sale,Shu cotton uzu 75m,HOWC01,37.8
2018-06-27,sale,Women's hair cut,PARS01,80.0
2018-06-27,sale,Women's hair cut,COXH01,75.0
2018-06-27,sale,Men's hair cut,MCCB01,50.0
2018-06-27,sale,Color full color,BELK01,65.0
2018-06-27,sale,Women's hair cut,YANM01,55.0
2018-06-27,sale,Men's hair cut,SHAS01,60.0
2018-04-06,sale,Men's hair cut,WAX*01,40.0
2018-06-27,sale,Color touch up,CARK01,40.0
2018-06-27,sale,Men's hair cut,CARK01,55.0
2018-06-28,sale,Discount/Promotion,KUKK01,250.0
2018-06-28,sale,Men's hair cut,DUFD01,60.0
2018-06-28,sale,Women's hair cut,BOTS01,55.0
2018-06-28,sale,Women's hair cut,BOTC01,60.0
2018-06-28,sale,Women's hair cut,BOTK01,82.0
2018-06-28,sale,Color touch up,BENC01,70.0
2018-06-28,sale,Women's hair cut,SIDA01,60.0
2018-06-28,sale,Women's hair cut,YEHC01,82.0
2018-04-06,sale,Blowdry,NORE01,30.0
2018-06-28,sale,Men's hair cut,HOG*01,50.0
2018-06-28,sale,Women's hair cut,SILG01,82.0
2018-06-28,sale,Blowdry,ELSM01,50.0
2018-06-28,sale,Men's hair cut,BATP01,50.0
2018-06-28,sale,Consultation,RUBA01,0.0
2018-06-28,sale,Shu essence absolue oil 150m,RUBA01,62.1
2018-06-28,sale,Men's hair cut,WASS01,35.0
2018-06-28,sale,Men's hair cut,MAKM01,50.0
2018-04-06,sale,Women's hair cut,KULR01,60.0
2018-06-28,sale,Men's hair cut,BURD01,5.0
2018-06-28,sale,Women's hair cut,ADAP01,55.0
2018-06-28,sale,Color full color,ADAP01,65.0
2018-06-28,sale,Blowdry,DOWR01,52.0
2018-06-28,sale,Women's hair cut,WALT01,55.0
2018-06-29,sale,Blowdry,SIRM01,50.0
2018-06-29,sale,Discount/Promotion,SIRM01,-50.0
2018-06-29,sale,Men's hair cut,COLR02,50.0
2018-06-29,sale,Men's hair cut,COLR01,50.0
2018-06-29,sale,Women's hair cut,COLG01,102.0
2018-06-29,sale,Men's hair cut,KLEA01,50.0
2018-06-29,sale,Women's hair cut,LEVL01,102.0
2018-04-06,sale,Men's hair cut,HELJ01,30.0
2018-06-29,sale,Women's hair cut,MCMC01,82.0
2018-06-29,sale,Accent lights and color,NGUS01,140.0
2018-06-29,sale,Women's hair cut,GREL01,60.0
2018-06-29,sale,Women's hair cut,SAVP01,102.0
2018-06-29,sale,Men's hair cut,FLEL01,50.0
2018-06-29,sale,Men's hair cut,OHAG01,60.0
2018-06-29,sale,AG Dry Lift 44ml,OHAG01,21.6
2018-06-29,sale,Children (under 12),OHA*01,30.0
2018-06-29,sale,Women's hair cut,HAMN01,102.0
2018-06-29,sale,Color touch up,HAMN01,70.0
2018-03-15,sale,Men's hair cut,LEHJ01,40.0
2018-04-06,sale,Men's hair cut,MCLI01,40.0
2018-06-29,sale,Partial highlights and color,KALA01,160.0
2018-06-29,sale,Women's hair cut,KALA01,102.0
2018-06-29,sale,Women's hair cut,OGDJ01,60.0
2018-06-29,sale,Men's hair cut,APTM01,30.0
2018-06-29,sale,Shu wonder worker 150ml,APTM01,37.8
2018-06-29,sale,KM Motion lotion 150ml,APTM01,28.8
2018-06-29,sale,Women's hair cut,WANM01,80.0
2018-06-29,sale,Shu cleansing oil sh400ml,WANM01,50.4
2018-06-29,sale,Balayage,MCWC01,150.0
2018-06-29,sale,Women's hair cut,MCWC01,65.0
2018-06-29,sale,Color toner,MCWC01,45.0
2018-06-29,sale,Smart Bond,MCWC01,50.0
2018-06-29,sale,Color additional service,MCWC01,5.0
2018-06-30,sale,Blowdry,CASN01,30.0
2018-06-30,sale,Men's hair cut,DELC01,50.0
2018-06-30,sale,,WALK_IN,31.23
2018-06-30,sale,,WALK_IN,23.94
2018-06-30,sale,Women's hair cut,HAMA01,45.0
2018-06-30,sale,PO color fanatic 200ml,HAMA01,27.45
2018-06-30,sale,Men's hair cut,IRWE01,50.0
2018-06-30,sale,Color touch up,IRWE01,70.0
2018-04-07,sale,Women's hair cut,GALG01,82.0
2018-06-30,sale,Women's hair cut,LEHN01,82.0
2018-06-30,sale,KM Motion lotion 150ml,LEHN01,28.8
2018-06-30,sale,Women's hair cut,EZIR01,102.0
2018-06-30,sale,Highlights partial,GOSD01,130.0
2018-06-30,sale,Discount/Promotion,SKUD01,230.0
2018-06-30,sale,Color full color,TRAS02,65.0
2018-06-30,sale,Shu essence absolue C.milk 250,WALK_IN,50.4
2018-06-30,sale,Blowdry,WOOJ01,50.0
2018-06-30,sale,Color full color,FISV01,85.0
2018-06-30,sale,Women's hair cut,FISV01,80.0
2018-06-30,sale,PO Hydrate superfood masque150,FISV01,36.3
2018-04-07,sale,Women's hair cut,SENM01,60.0
2018-06-30,sale,Women's hair cut,LAS01,82.0
2018-06-30,sale,Women's hair cut,DEYS01,60.0
2018-06-30,sale,Blowdry,WELN01,30.0
2018-06-30,sale,Smart Bond,TAMA01,25.0
2018-06-30,sale,Women's hair cut,TAMA01,75.0
2018-06-30,sale,Color toner,TAMA01,90.0
2018-06-30,sale,Balayage,TAMA01,150.0
2018-06-30,sale,PO color fanatic 200ml,TAMA01,27.45
2018-06-30,sale,miscellaneous,TAMA01,-50.0
2018-06-30,sale,Women's hair cut,KRAV01,65.0
2018-06-30,sale,double process blonde,KRAV01,100.0
2018-06-30,sale,Smart Bond,KRAV01,25.0
2018-07-03,sale,Blowdry,WONM02,52.0
2018-07-03,sale,Discount/Promotion,WONM02,-52.0
2018-07-03,sale,Color touch up,SUNS01,65.0
2018-04-07,sale,Men's hair cut,STOD01,30.0
2018-07-03,sale,Women's hair cut,KIMH01,82.0
2018-07-03,sale,elchim dryer,KIMH01,224.1
2018-07-03,sale,Blowdry,HILJ01,50.0
2018-07-03,sale,Discount/Promotion,HILJ01,-50.0
2018-07-03,sale,Blowdry,BROS01,50.0
2018-07-03,sale,Discount/Promotion,BROS01,-50.0
2018-07-03,sale,Men's hair cut,NORJ01,40.0
2018-07-03,sale,Highlights partial,TINA02,160.0
2018-07-03,sale,Men's hair cut,OWED01,50.0
2018-07-03,sale,Men's hair cut,TASJ01,40.0
2018-04-07,sale,Women's hair cut,DOLD01,82.0
2018-07-03,sale,Women's hair cut,KREJ01,60.0
2018-07-03,sale,Women's hair cut,DHAS02,45.0
2018-07-03,sale,Highlights half head,DHAS02,130.0
2018-07-03,sale,Smart Bond,DHAS02,50.0
2018-07-03,sale,Color toner,DHAS02,45.0
2018-07-03,sale,Men's hair cut,NICP01,50.0
2018-07-03,sale,Men's hair cut,LAWJ01,50.0
2018-07-03,sale,Women's hair cut,ROWD01,80.0
2018-07-03,sale,Men's hair cut,LEHJ01,50.0
2018-07-03,sale,NeuMa Clay 50g,LEHJ01,28.8
2018-07-03,sale,Men's hair cut,JOHD01,50.0
2018-07-04,sale,Men's hair cut,PANB01,35.0
2018-07-04,sale,Women's hair cut,ALVJ01,102.0
2018-07-04,sale,Men's hair cut,PARD01,35.0
2018-07-04,sale,Highlights partial,RIDY01,140.0
2018-07-04,sale,Women's hair cut,TAYN01,82.0
2018-07-04,sale,Women's hair cut,GELK01,102.0
2018-07-04,sale,Shu cleansing oil sh400ml,GELK01,-50.4
2018-07-04,sale,Men's hair cut,GRET01,60.0
2018-07-04,sale,Men's hair cut,TANJ01,35.0
2018-07-04,sale,Blowdry,COLG01,55.0
2018-07-04,sale,Blowdry,ARRM01,52.0
2018-07-04,sale,Color full color,ARRM01,85.0
2018-04-07,sale,Children (under 12),SINT01,30.0
2018-04-07,sale,Children (under 12),SINW01,32.0
2018-07-04,sale,Color touch up,DAMK01,60.0
2018-07-04,sale,Women's hair cut,DAMK01,65.0
2018-07-04,sale,Treatments 1,DAMK01,20.0
2018-07-04,sale,PO color fanatic 30ml,DAMK01,8.32
2018-07-04,sale,LP Smart Bond con 250ml,WALK_IN,27.9
2018-07-04,sale,Men's hair cut,GROJ01,0.0
2018-07-05,sale,Men's hair cut,STOV01,60.0
2018-07-05,sale,Blowdry,DEH01,32.0
2018-04-07,sale,Women's hair cut,JOHJ01,70.0
2018-07-05,sale,Women's hair cut,GRIA01,80.0
2018-07-05,sale,Men's camo color,SCHJ01,45.0
2018-07-05,sale,Women's hair cut,CYRA01,80.0
2018-07-05,sale,Men's hair cut,KIRJ01,35.0
2018-07-05,sale,Men's hair cut,POUG01,35.0
2018-07-05,sale,Blowdry,BANR01,50.0
2018-07-05,sale,Color touch up,BANR01,70.0
2018-07-05,sale,Men's hair cut,GUBD01,60.0
2018-07-05,sale,Women's hair cut,BRIK01,102.0
2018-04-07,sale,Women's hair cut,KURG01,82.0
2018-07-05,sale,Men's hair cut,BRAN01,50.0
2018-07-05,sale,Men's hair cut,GALB01,60.0
2018-07-05,sale,Women's hair cut,KOLK01,45.0
2018-07-05,sale,Men's hair cut,VALT01,35.0
2018-07-06,sale,Blowdry,SIRM01,50.0
2018-07-06,sale,Discount/Promotion,SIRM01,-50.0
2018-07-06,sale,Men's hair cut,THOD01,60.0
2018-07-06,sale,Women's hair cut,CHMY01,80.0
2018-07-06,sale,Dry updo,MARO01,80.0
2018-04-07,sale,Women's hair cut,WANM01,60.0
2018-04-07,sale,PO Clean Volume sh 250ml,WANM01,34.15
2018-07-06,sale,Balayage,LEM01,160.0
2018-07-06,sale,Women's hair cut,LEM01,65.0
2018-07-06,sale,LP Silver Shampoo 300ml,LEM01,22.95
2018-07-06,sale,Smart Bond,LEM01,50.0
2018-07-06,sale,Color toner,LEM01,40.0
2018-07-06,sale,Men's hair cut,SHAM01,35.0
2018-07-06,sale,Women's hair cut,MINA02,70.0
2018-07-06,sale,Color toner,MINA02,35.0
2018-07-06,sale,Women's hair cut,HIMB01,102.0
2018-07-06,sale,Color touch up,MUMK01,70.0
2018-07-06,sale,Women's hair cut,MUMK01,75.0
2018-07-06,sale,Color mini touch up,LIND01,50.0
2018-07-06,sale,Discount/Promotion,LIND01,250.0
2018-07-06,sale,Women's hair cut,BOYL01,80.0
2018-07-06,sale,Women's hair cut,MCAJ01,82.0
2018-07-06,sale,Men's hair cut,CALD01,40.0
2018-07-06,sale,miscellaneous,ROBM01,0.0
2018-03-16,sale,Women's hair cut,CHEW01,82.0
2018-04-07,sale,Women's hair cut,KENH01,70.0
2018-07-06,sale,Women's hair cut,GOSD01,102.0
2018-07-06,sale,Women's hair cut,BEBY01,60.0
2018-07-06,sale,Blowdry,HADD01,35.0
2018-07-06,sale,Color touch up,MOIB01,70.0
2018-07-06,sale,Women's hair cut,MOIB01,102.0
2018-07-06,sale,Shu essence absolue oil 150m,MOIB01,62.1
2018-07-06,sale,Blowdry,CARK01,35.0
2018-07-06,sale,Women's hair cut,SINM01,82.0
2018-07-06,sale,Men's hair cut,TERJ01,35.0
2018-07-07,sale,Women's hair cut,KINN01,102.0
2018-07-07,sale,Consultation,STOD01,0.0
2018-04-07,sale,Partial highlights and color,WILK01,120.0
2018-04-07,sale,Blowdry,WILK01,42.0
2018-07-07,sale,Consultation,CASH01,0.0
2018-07-07,sale,Women's hair cut,SPEK01,102.0
2018-07-07,sale,Color touch up,SPEK01,70.0
2018-07-07,sale,Women's hair cut,CHOK01,45.0
2018-07-07,sale,PO clean volume con 250ml,CHOK01,33.52
2018-07-07,sale,PO Clean Volume sh 250ml,CHOK01,30.73
2018-07-07,sale,Blowdry,ARRM01,52.0
2018-07-07,sale,Color full color,POIJ01,65.0
2018-07-07,sale,Balayage,PIJM01,150.0
2018-07-07,sale,Women's hair cut,PIJM01,65.0
2018-07-07,sale,Smart Bond,PIJM01,50.0
2018-07-07,sale,Color toner,PIJM01,25.0
2018-07-07,sale,Highlights partial,SMIS01,160.0
2018-07-07,sale,Women's hair cut,SMIS01,102.0
2018-04-07,sale,Color full color,CAYK01,70.0
2018-04-07,sale,Women's hair cut,CAYK01,70.0
2018-04-07,sale,PO strength cure sh 250ml,CAYK01,32.44
2018-04-07,sale,PO Hydrate superfood masque150,CAYK01,38.31
2018-07-07,sale,Blowdry,?A01,55.0
2018-07-07,sale,Discount/Promotion,?A01,-20.0
2018-07-07,sale,Men's hair cut,MORD01,55.0
2018-07-07,sale,Blowdry,BREH01,52.0
2018-07-07,sale,PO Hydrate sheer sh 250ml,WALK_IN,30.73
2018-07-07,sale,Color touch up,NADS01,70.0
2018-07-07,sale,Shu essence absolue C.milk 250,NADS01,50.4
2018-07-07,sale,Shu wonder worker 150ml,NADS01,37.8
2018-07-07,sale,Blowdry,HUDM01,55.0
2018-07-07,sale,Shu essence absolue oil 150m,HUDM01,62.1
2018-07-07,sale,PO hydrate sh  250ml,HUDM01,30.73
2018-07-07,sale,PO hydrate con 250ml,HUDM01,33.52
2018-07-07,sale,LP hair touch up dark blond 59,HUDM01,18.45
2018-07-07,sale,Women's hair cut,BERH01,102.0
2018-07-07,sale,KM Motion lotion 150ml,BERH01,28.8
2018-07-07,sale,Consultation,MACB01,0.0
2018-07-07,sale,Blowdry,WONM02,52.0
2018-07-07,sale,Discount/Promotion,WONM02,-52.0
2018-07-07,sale,Color mini touch up,WONM02,50.0
2018-07-07,sale,Men's hair cut,SQUN01,20.0
2018-07-10,sale,Women's hair cut,CLAM01,102.0
2018-07-10,sale,Women's hair cut,WARG01,102.0
2018-07-10,sale,Men's hair cut,SMIL01,40.0
2018-07-10,sale,Women's hair cut,MART01,65.0
2018-07-10,sale,Color touch up,MART01,60.0
2018-07-10,sale,Men's hair cut,GRIP01,50.0
2018-07-10,sale,Men's hair cut,MASA01,50.0
2018-07-10,sale,Men's hair cut,LANR01,35.0
2018-07-10,sale,Women's hair cut,BALO01,82.0
2018-04-07,sale,Women's hair cut,BLAJ01,65.0
2018-07-10,sale,Women's hair cut,HOLD01,80.0
2018-07-10,sale,Men's hair cut,DEAM01,35.0
2018-07-10,sale,Women's hair cut,RICP01,80.0
2018-07-10,sale,Blowdry,HILJ01,50.0
2018-07-10,sale,Discount/Promotion,HILJ01,-50.0
2018-07-10,sale,Women's hair cut,WEIA01,102.0
2018-07-10,sale,Men's hair cut,SINS02,55.0
2018-07-10,sale,Smoothing treatment,ARRM01,300.0
2018-07-10,sale,Men's hair cut,SINS01,60.0
2018-07-10,sale,KM Night Rider 100g,SINS01,28.8
2018-04-08,sale,Women's hair cut,TOPS01,60.0
2018-07-10,sale,Men's hair cut,BESJ01,35.0
2018-07-10,sale,Men's hair cut,BUDG02,50.0
2018-07-10,sale,Men's hair cut,TAYE01,60.0
2018-07-10,sale,Blowdry,NIDN01,55.0
2018-07-10,sale,Color full color,NIDN01,85.0
2018-07-10,sale,Color touch up,SCHP01,70.0
2018-07-10,sale,Women's hair cut,SCHP01,80.0
2018-07-10,sale,Color touch up,WOOJ01,70.0
2018-07-10,sale,Blowdry,WOOJ01,52.0
2018-07-11,sale,Women's hair cut,KEAJ01,82.0
2018-07-12,sale,Women's hair cut,JACA01,82.0
2018-07-11,sale,Children (under 12),MUNM01,32.0
2018-07-11,sale,Children (under 12),MUNJ01,35.0
2018-07-11,sale,Blowdry,WONM02,52.0
2018-07-11,sale,Discount/Promotion,WONM02,-52.0
2018-04-08,sale,Blowdry,SCHJ03,30.0
2018-07-11,sale,Women's hair cut,KIMS01,102.0
2018-07-11,sale,Men's hair cut,WICJ01,60.0
2018-07-11,sale,AG balance 355ml,WALK_IN,27.0
2018-07-11,sale,Men's hair cut,DUFM01,35.0
2018-07-11,sale,PO hydrate con 250ml,DUFM01,33.52
2018-07-11,sale,LP Silver Shampoo 300ml,DUFM01,22.95
2018-07-11,sale,Women's hair cut,MCGA01,102.0
2018-07-11,sale,Blowdry,COLG01,52.0
2018-07-11,sale,Color touch up,COLG01,70.0
2018-04-08,sale,Men's hair cut,CHAG01,30.0
2018-07-11,sale,Highlights partial,PRIL01,160.0
2018-07-11,sale,Discount/Promotion,PRIL01,-40.0
2018-07-11,sale,Women's hair cut,JARM01,102.0
2018-07-11,sale,Women's hair cut,NICM01,102.0
2018-07-11,sale,Blowdry,CLAJ01,35.0
2018-07-12,sale,Men's hair cut,RIJR01,40.0
2018-07-12,sale,Women's hair cut,STEC01,82.0
2018-07-12,sale,Men's hair cut,SITB01,35.0
2018-07-12,sale,Color full color,SITB01,50.0
2018-07-12,sale,Men's hair cut,FLAD01,50.0
2018-04-08,sale,Blowdry,DOWR01,50.0
2018-07-12,sale,Women's hair cut,WAIS01,80.0
2018-07-12,sale,Women's hair cut,SPEC01,60.0
2018-07-12,sale,Color touch up,HENA01,70.0
2018-07-12,sale,Women's hair cut,HENA01,80.0
2018-07-12,sale,Women's hair cut,GOUE01,80.0
2018-07-12,sale,Color full color,MAEJ01,85.0
2018-07-12,sale,Women's hair cut,MAEJ01,102.0
2018-07-12,sale,Accent lights and color,BROF01,140.0
2018-07-12,sale,Blowdry,BROF01,55.0
2018-07-12,sale,Women's hair cut,TAYD01,102.0
2018-07-12,sale,Blowdry,WRIM01,15.0
2018-07-12,sale,Women's hair cut,POLB01,80.0
2018-07-12,sale,Men's hair cut,ZIMJ01,60.0
2018-04-08,sale,Highlights full,HUDM01,0.0
2018-07-12,sale,Women's hair cut,JARS01,82.0
2018-07-12,sale,Color full color,DUBO01,35.0
2018-07-12,sale,Blowdry,MOOJ01,35.0
2018-07-12,sale,Women's hair cut,BUSC01,102.0
2018-07-12,sale,accent lights,BUSC01,80.0
2018-07-12,sale,Blowdry,DOWR01,50.0
2018-07-12,sale,Consultation,JACA01,0.0
2018-07-13,sale,Blowdry,SIRM01,50.0
2018-07-13,sale,Discount/Promotion,SIRM01,-50.0
2018-07-13,sale,Women's hair cut,FREK01,60.0
2018-03-16,sale,Women's hair cut,PARC01,82.0
2018-04-10,sale,Women's hair cut,MARD01,60.0
2018-07-13,sale,Blowdry,SKUD01,50.0
2018-07-13,sale,Discount/Promotion,SKUD01,-50.0
2018-07-13,sale,Women's hair cut,BOWM01,102.0
2018-07-13,sale,Women's hair cut,KIMY01,102.0
2018-07-13,sale,Highlights partial,ROZM01,140.0
2018-07-13,sale,Men's hair cut,CAND01,60.0
2018-07-13,sale,Women's hair cut,CARB01,80.0
2018-07-13,sale,KM Doo over 250ml,CARB01,34.5
2018-07-13,sale,Women's hair cut,LYK01,55.0
2018-07-13,sale,Accent lights and color,SARK01,140.0
2018-07-13,sale,Women's hair cut,SARK01,102.0
2018-07-13,sale,,SARK01,17.55
2018-07-13,sale,Men's hair cut,BARW01,60.0
2018-04-10,sale,Color touch up,IRWE01,55.0
2018-04-10,sale,Men's hair cut,IRWE01,45.0
2018-07-13,sale,Blowdry,WOOD02,52.0
2018-07-13,sale,Men's hair cut,POOD01,50.0
2018-07-14,sale,Women's hair cut,TOBJ01,82.0
2018-07-14,sale,Women's hair cut,ARBA01,55.0
2018-07-14,sale,Men's hair cut,MUIK01,35.0
2018-07-14,sale,Women's hair cut,SMAN01,45.0
2018-07-14,sale,Women's hair cut,DALR01,45.0
2018-04-10,sale,Women's hair cut,KOOM01,82.0
2018-07-14,sale,Men's hair cut,HELJ01,50.0
2018-07-14,sale,Men's hair cut,SHAA01,50.0
2018-07-14,sale,Balayage,LAMD01,200.0
2018-07-14,sale,Men's hair cut,MOHM01,35.0
2018-07-14,sale,Women's hair cut,BINP01,51.0
2018-07-14,sale,Color full color,FLAS01,85.0
2018-07-14,sale,Women's hair cut,FLAS01,80.0
2018-07-14,sale,Men's hair cut,CECA01,35.0
2018-07-14,sale,Blowdry,BROS01,50.0
2018-07-14,sale,Discount/Promotion,BROS01,-50.0
2018-07-14,sale,Women's hair cut,CULT01,80.0
2018-04-10,sale,Women's hair cut,LANS01,60.0
2018-07-14,sale,Men's hair cut,HUTP01,40.0
2018-07-14,sale,Women's hair cut,TOPS01,80.0
2018-07-14,sale,Blowdry,LAIA01,15.0
2018-07-14,sale,Women's hair cut,YAGL01,55.0
2018-07-14,sale,Women's hair cut,COWL01,80.0
2018-07-14,sale,Highlights partial,COWL01,160.0
2018-07-15,sale,Women's hair cut,CONK01,60.0
2018-07-15,sale,Men's hair cut,HAMD01,50.0
2018-07-15,sale,Men's hair cut,YATT01,50.0
2018-07-15,sale,Women's hair cut,BROT01,80.0
2018-07-15,sale,Blowdry,NIKK01,32.0
2018-04-10,sale,Women's hair cut,SIDA01,60.0
2018-07-15,sale,Men's hair cut,BARJ01,30.0
2018-07-15,sale,KM Motion lotion 150ml,WALK_IN,28.8
2018-07-15,sale,Blowdry,WONM02,52.0
2018-07-15,sale,Discount/Promotion,WONM02,-52.0
2018-07-17,sale,Women's hair cut,SARM01,82.0
2018-07-17,sale,Color full color,SARM01,85.0
2018-07-17,sale,Design me Puff me light 9.1g,SARM01,17.55
2018-07-17,sale,Color mini touch up,HILJ01,50.0
2018-07-17,sale,Blowdry,HILJ01,50.0
2018-07-17,sale,Discount/Promotion,HILJ01,-50.0
2018-07-17,sale,Blowdry,KUKK01,50.0
2018-07-17,sale,Discount/Promotion,KUKK01,-50.0
2018-07-17,sale,Women's hair cut,JURS01,60.0
2018-07-17,sale,Men's hair cut,LEEP01,60.0
2018-07-17,sale,Men's hair cut,HENB01,60.0
2018-07-17,sale,Women's hair cut,HYLK01,82.0
2018-04-10,sale,Women's hair cut,BOWM01,82.0
2018-07-17,sale,Men's hair cut,KWOR01,35.0
2018-07-17,sale,Men's hair cut,THOW02,60.0
2018-07-17,sale,Partial highlights and color,TRAS01,150.0
2018-07-17,sale,Blowdry,TIML01,35.0
2018-07-17,sale,AG Dry Lift 44ml,WALK_IN,21.6
2018-07-17,sale,Women's hair cut,BOSJ01,80.0
2018-07-17,sale,Color touch up,YANC01,70.0
2018-07-17,sale,Highlights half head and color,PAE01,110.0
2018-07-17,sale,Women's hair cut,PAE01,75.0
2018-07-17,sale,Smart Bond,PAE01,50.0
2018-07-17,sale,Accent lights and color,STUM01,125.0
2018-04-10,sale,Women's hair cut,SAMB01,82.0
2018-07-17,sale,Men's hair cut,GUYD01,50.0
2018-07-17,sale,Men's camo color,GUYD01,45.0
2018-07-17,sale,Blowdry,RIHM01,50.0
2018-07-17,sale,Men's hair cut,PARJ01,55.0
2018-07-17,sale,Men's hair cut,PIPJ01,60.0
2018-07-17,sale,Men's hair cut,GROR01,40.0
2018-07-17,sale,Women's hair cut,JOHJ01,80.0
2018-07-17,sale,KM Body builder 350m,JOHJ01,31.05
2018-07-18,sale,Women's hair cut,BEZK01,82.0
2018-07-18,sale,Shu essence absolue C.milk 250,BEZK01,50.4
2018-04-10,sale,Men's hair cut,MCCB01,30.0
2018-07-18,sale,Blowdry,LEVL01,52.0
2018-07-18,sale,Men's hair cut,SLUS01,60.0
2018-07-18,sale,accent lights,BOES01,110.0
2018-07-18,sale,Blowdry,STAT01,15.0
2018-07-18,sale,Women's hair cut,MANL01,102.0
2018-07-18,sale,Women's hair cut,PHIJ01,102.0
2018-07-18,sale,LP wild stylers scruff me 150m,PHIJ01,22.5
2018-04-10,sale,Women's hair cut,KRIA01,82.0
2018-07-18,sale,Women's hair cut,VARE01,82.0
2018-07-18,sale,Treatments 1,ELSM01,0.0
2018-07-18,sale,Blowdry,ELSM01,52.0
2018-07-18,sale,Men's hair cut,POTR01,60.0
2018-07-19,sale,Women's hair cut,BEAA02,82.0
2018-07-19,sale,Discount/Promotion,BEAA02,0.0
2018-07-19,sale,Highlights partial,NICL01,150.0
2018-07-19,sale,Women's hair cut,NICL01,73.6
2018-07-19,sale,Women's hair cut,SIDA01,60.0
2018-07-19,sale,Men's hair cut,WOOJ02,30.0
2018-07-19,sale,Women's hair cut,CHAE01,60.0
2018-04-10,sale,Women's hair cut,CARB01,60.0
2018-07-20,sale,Women's hair cut,SKUD01,80.0
2018-07-19,sale,Blowdry,BROS01,50.0
2018-07-19,sale,Discount/Promotion,BROS01,-50.0
2018-07-19,sale,Women's hair cut,COHH01,55.0
2018-07-19,sale,Women's hair cut,KEIS01,80.0
2018-07-19,sale,Women's hair cut,JASA01,102.0
2018-07-19,sale,Men's hair cut,STEM02,60.0
2018-07-19,sale,Men's hair cut,LIMB01,50.0
2018-07-19,sale,Women's hair cut,SINJ01,102.0
2018-07-19,sale,Women's hair cut,WIL*01,102.0
2018-07-19,sale,Color touch up,WIL*01,70.0
2018-03-16,sale,Men's hair cut,SLEA01,40.0
2018-04-11,sale,Women's hair cut,GARJ01,82.0
2018-07-19,sale,Blowdry,COLG01,50.0
2018-07-19,sale,Women's hair cut,HEIM01,80.0
2018-07-19,sale,Women's hair cut,HOLL01,102.0
2018-07-19,sale,Women's hair cut,ESKR01,102.0
2018-07-19,sale,Women's hair cut,HERD01,60.0
2018-07-20,sale,Women's hair cut,MCGD01,82.0
2018-07-20,sale,Blowdry,LIND01,50.0
2018-07-20,sale,Discount/Promotion,LIND01,-50.0
2018-07-20,sale,Color mini touch up,LIND01,50.0
2018-07-20,sale,Women's hair cut,FAIL01,55.0
2018-07-20,sale,Women's hair cut,TOMA01,55.0
2018-07-20,sale,Women's hair cut,MOOE01,45.0
2018-07-20,sale,Highlights partial,MURS02,140.0
2018-07-20,sale,Men's hair cut,KLEA01,50.0
2018-07-20,sale,KM Night Rider 100g,KLEA01,28.8
2018-07-20,sale,Women's hair cut,CRIV01,102.0
2018-07-20,sale,Blowdry,CRIV01,52.0
2018-04-11,sale,Blowdry,VAUD01,32.0
2018-07-20,sale,Women's hair cut,KOOM01,102.0
2018-07-20,sale,Women's hair cut,THOW01,102.0
2018-07-20,sale,Accent lights and color,ROBT01,125.0
2018-07-20,sale,Blowdry,ROBT01,55.0
2018-07-20,sale,Blowdry,POLB01,50.0
2018-07-20,sale,Highlights half head and color,DIRK01,120.0
2018-07-20,sale,Women's hair cut,DIRK01,55.0
2018-07-20,sale,Color toner,DIRK01,30.0
2018-07-20,sale,Men's hair cut,POUG01,50.0
2018-07-20,sale,Color touch up,RUBH02,25.0
2018-07-20,sale,Blowdry,RUBH02,25.0
2018-07-20,sale,Women's hair cut,MOOH01,102.0
2018-07-20,sale,Men's hair cut,STEB01,50.0
2018-07-20,sale,Highlights partial,SCHC01,140.0
2018-07-20,sale,Shu urban moisture masque200,SCHC01,59.4
2018-07-20,sale,Men's hair cut,MAXI01,55.0
2018-07-20,sale,Women's hair cut,SENM01,80.0
2018-07-20,sale,Color mini touch up,PENM01,50.0
2018-07-20,sale,Blowdry,PENM01,52.0
2018-07-20,sale,LP wild stylers scruff me 150m,PENM01,22.5
2018-07-20,sale,Women's hair cut,MARK01,80.0
2018-07-20,sale,Women's hair cut,LYL01,102.0
2018-07-20,sale,Color touch up,RUTR01,70.0
2018-07-20,sale,Blowdry,RUTR01,0.0
2018-07-20,sale,Discount/Promotion,WALK_IN,17.25
2018-07-21,sale,Blowdry,WONM02,52.0
2018-07-21,sale,Discount/Promotion,WONM02,-52.0
2018-07-21,sale,Highlights half head,LEIG01,120.0
2018-07-21,sale,Blowdry,LELS01,35.0
2018-07-21,sale,Men's hair cut,MCGA03,55.0
2018-07-21,sale,Women's hair cut,SCHC01,102.0
2018-07-21,sale,Men's hair cut,MARG01,60.0
2018-07-21,sale,Color touch up,RUGN01,45.0
2018-07-21,sale,Blowdry,RUGN01,15.0
2018-07-21,sale,Men's hair cut,SARA01,60.0
2018-07-21,sale,Women's hair cut,ALLM01,82.0
2018-07-21,sale,Men's hair cut,ROST01,60.0
2018-07-21,sale,Men's hair cut,HYSA01,60.0
2018-07-21,sale,Blowdry,?A01,55.0
2018-07-21,sale,Consultation,LEIG01,0.0
2018-07-24,sale,Women's hair cut,AGOE01,82.0
2018-07-24,sale,Accent lights and color,MACA01,130.0
2018-07-24,sale,Women's hair cut,MACA01,92.0
2018-07-24,sale,Women's hair cut,LEES01,82.0
2018-07-24,sale,Design me Puff me 1.9g,LEES01,35.1
2018-07-24,sale,Men's hair cut,MELE01,50.0
2018-07-24,sale,Blowdry,KUKK01,50.0
2018-07-24,sale,Discount/Promotion,KUKK01,-50.0
2018-04-11,sale,Discount/Promotion,HOLL01,225.0
2018-07-24,sale,Women's hair cut,DAWP01,80.0
2018-07-24,sale,Highlights partial,KUKH01,160.0
2018-07-24,sale,Women's hair cut,KUKH01,80.0
2018-07-24,sale,Women's hair cut,CLAJ01,102.0
2018-07-24,sale,Color touch up,CLAM01,70.0
2018-07-24,sale,Men's hair cut,ABL*01,30.0
2018-07-24,sale,Men's hair cut,ND01,30.0
2018-07-24,sale,Men's hair cut,BORJ01,60.0
2018-07-24,sale,Men's hair cut,TRUA02,35.0
2018-07-24,sale,Men's hair cut,TRUA01,40.0
2018-07-24,sale,Consultation,BISS01,0.0
2018-07-24,sale,PO strength cure sh 250ml,WALK_IN,30.73
2018-04-11,sale,Women's hair cut,RUTA01,92.0
2018-04-11,sale,Accent lights and color,RUTA01,80.0
2018-07-24,sale,Men's hair cut,DAS*01,35.0
2018-07-24,sale,Men's hair cut,BROS02,50.0
2018-07-24,sale,Blowdry,CARK01,35.0
2018-07-24,sale,Men's hair cut,GIEC01,60.0
2018-07-25,sale,Color touch up,RUTA01,60.0
2018-07-25,sale,Women's hair cut,RUTA01,92.0
2018-07-25,sale,Women's hair cut,GARJ02,82.0
2018-07-25,sale,Men's hair cut,ATLB01,35.0
2018-04-11,sale,Women's hair cut,SPRK01,82.0
2018-07-25,sale,Men's hair cut,COLJ01,0.0
2018-07-25,sale,Women's hair cut,RADP01,55.0
2018-07-25,sale,Women's hair cut,KRAS01,55.0
2018-07-25,sale,Women's hair cut,NEEL01,102.0
2018-07-25,sale,Color touch up,NEEL01,70.0
2018-07-25,sale,Blowdry,DOWR01,35.0
2018-07-25,sale,Color touch up,BENC01,70.0
2018-07-25,sale,Blowdry,LAIA01,55.0
2018-07-25,sale,Women's hair cut,GAGC01,102.0
2018-04-11,sale,Men's hair cut,TRAJ01,40.0
2018-07-25,sale,Blowdry,MOOJ01,55.0
2018-07-25,sale,Color touch up,GA01,45.0
2018-07-25,sale,Blowdry,GA01,15.0
2018-07-25,sale,Men's hair cut,MCLI01,60.0
2018-07-25,sale,Consultation,WOOJ01,0.0
2018-07-25,sale,Consultation,WOOJ01,0.0
2018-07-26,sale,Women's hair cut,GOOA02,60.0
2018-07-26,sale,Men's hair cut,SCHJ02,20.0
2018-07-26,sale,Blowdry,SIRM01,50.0
2018-07-26,sale,Discount/Promotion,SIRM01,-50.0
2018-07-26,sale,Blowdry,HILJ01,50.0
2018-07-26,sale,Discount/Promotion,HILJ01,-50.0
2018-07-26,sale,Men's hair cut,BRAN01,50.0
2018-07-26,sale,Men's hair cut,LYNG01,60.0
2018-03-16,sale,Men's hair cut,STEH01,40.0
2018-04-11,sale,Women's hair cut,BROA01,70.0
2018-07-26,sale,Blowdry,COLG01,52.0
2018-07-26,sale,Men's hair cut,MACR01,40.0
2018-07-26,sale,Children (under 12),MACT02,32.0
2018-07-26,sale,Men's hair cut,SMIL01,40.0
2018-07-26,sale,Women's hair cut,SMIC01,80.0
2018-07-26,sale,Shu ultimae remedy masque200,WALK_IN,59.4
2018-04-11,sale,Women's hair cut,KIMF01,82.0
2018-07-26,sale,Blowdry,WEEJ01,32.0
2018-07-26,sale,Women's hair cut,SKUT01,80.0
2018-07-26,sale,Men's hair cut,THOD01,60.0
2018-07-26,sale,Women's hair cut,SCOL01,80.0
2018-07-26,sale,Men's hair cut,MAKM01,50.0
2018-07-26,sale,Men's hair cut,VERD01,55.0
2018-07-26,sale,Color correction,TASR01,205.0
2018-07-26,sale,Smart Bond,TASR01,25.0
2018-07-26,sale,Men's hair cut,JONC01,50.0
2018-07-26,sale,Blowdry,MILJ01,32.0
2018-04-11,sale,Women's hair cut,GREN01,70.0
2018-07-26,sale,Women's hair cut,CAYK01,75.0
2018-07-26,sale,Treatments 1,CAYK01,20.0
2018-07-26,sale,Color full color,CAYK01,85.0
2018-07-27,sale,Women's hair cut,GRIF01,92.0
2018-07-27,sale,Color touch up,GRIF01,60.0
2018-07-27,sale,Blowdry,SKUD01,50.0
2018-07-27,sale,Discount/Promotion,SKUD01,-50.0
2018-07-27,sale,Men's hair cut,JAMM01,30.0
2018-07-27,sale,Women's hair cut,THIA01,55.0
2018-07-27,sale,accent lights,LEAS01,125.0
2018-07-27,sale,Women's hair cut,CHMY01,80.0
2018-07-27,sale,Men's hair cut,DUFD01,60.0
2018-07-27,sale,Blowdry,JONE01,35.0
2018-07-27,sale,Balayage,JONE01,170.0
2018-07-27,sale,Treatments 1,JONE01,50.0
2018-07-27,sale,Color toner,JONE01,45.0
2018-07-27,sale,Men's hair cut,MERM01,50.0
2018-07-27,sale,Men's hair cut,SCHJ01,60.0
2018-07-27,sale,Men's camo color,SCHJ01,45.0
2018-07-27,sale,Women's hair cut,LOSC01,55.0
2018-07-27,sale,Women's hair cut,LYOH01,80.0
2018-07-27,sale,Women's hair cut,MARR01,102.0
2018-07-27,sale,AG Cloud 107ml,MARR01,23.4
2018-07-27,sale,Elchim diffuser,MARR01,40.0
2018-07-27,sale,Men's hair cut,STEL02,50.0
2018-07-27,sale,Blowdry,KENJ01,35.0
2018-07-27,sale,Highlights partial,LINM01,160.0
2018-07-27,sale,Women's hair cut,LINM01,102.0
2018-07-27,sale,Men's hair cut,PN01,55.0
2018-04-11,sale,Men's hair cut,POTR01,60.0
2018-07-27,sale,Women's hair cut,MCKT01,80.0
2018-07-27,sale,Women's hair cut,KUCM02,102.0
2018-07-27,sale,Discount/Promotion,CHUJ01,250.0
2018-07-27,sale,Blowdry,WOOD02,52.0
2018-07-27,sale,Consultation,ZIMJ01,0.0
2018-07-28,sale,Women's hair cut,COAJ01,70.0
2018-07-28,sale,Highlights half head and color,COAJ01,140.0
2018-07-28,sale,Women's hair cut,HOC01,65.0
2018-07-28,sale,Color toner,HOC01,35.0
2018-07-28,sale,Women's hair cut,TOLM01,55.0
2018-07-28,sale,Blowdry,KELR01,5.0
2018-04-11,sale,Women's hair cut,ARRM01,82.0
2018-07-28,sale,Dry updo,KELA01,82.0
2018-07-28,sale,Men's hair cut,BOTN01,50.0
2018-07-28,sale,Highlights partial,RUMJ02,160.0
2018-07-28,sale,Women's hair cut,JOYA01,60.0
2018-07-28,sale,Men's hair cut,IRWE01,50.0
2018-07-28,sale,Color touch up,IRWE01,70.0
2018-07-28,sale,Women's hair cut,KOMK01,55.0
2018-07-28,sale,Blowdry,DD01,35.0
2018-07-28,sale,Blowdry,NELT01,50.0
2018-07-28,sale,accent lights,BURT01,45.0
2018-07-28,sale,Men's hair cut,BURT01,60.0
2018-07-28,sale,Blowdry,PERB01,32.0
2018-07-28,sale,Blowdry,NEML01,32.0
2018-07-28,sale,Color full color,MARM01,85.0
2018-07-28,sale,Blowdry,BROS01,50.0
2018-07-28,sale,Discount/Promotion,BROS01,-50.0
2018-07-28,sale,Consultation,SARK01,0.0
2018-07-29,sale,Men's hair cut,APTM01,30.0
2018-07-29,sale,Men's hair cut,SPIJ01,50.0
2018-04-11,sale,Women's hair cut,DACJ01,70.0
2018-07-29,sale,Men's hair cut,KOOM02,40.0
2018-07-29,sale,Men's hair cut,ALIA01,50.0
2018-04-11,sale,Women's hair cut,HENI01,82.0
2018-04-11,sale,Men's hair cut,POOD01,35.0
2018-04-12,sale,Women's hair cut,ESKR01,82.0
2018-04-12,sale,Women's hair cut,BOWV01,82.0
2018-04-12,sale,Women's hair cut,JIAL01,82.0
2018-04-12,sale,Women's hair cut,PIVS01,82.0
2018-04-12,sale,Men's hair cut,GUBD01,40.0
2018-04-12,sale,Men's hair cut,STEB01,30.0
2018-04-13,sale,Blowdry,SIRM01,30.0
2018-04-13,sale,Men's hair cut,DUFD01,60.0
2018-04-13,sale,Discount/Promotion,WALK_IN,14.7
2018-03-16,sale,Women's hair cut,TSUL01,82.0
2018-04-13,sale,Women's hair cut,ALLM01,82.0
2018-04-13,sale,Men's hair cut,THOD01,60.0
2018-04-13,sale,Blowdry,BYRP01,30.0
2018-04-13,sale,Women's hair cut,ROSL01,82.0
2018-04-13,sale,Men's hair cut,MERM01,30.0
2018-04-13,sale,Blowdry,HILJ01,50.0
2018-04-13,sale,Women's hair cut,MOLA01,82.0
2018-03-16,sale,Women's hair cut,STRH01,82.0
2018-04-14,sale,Women's hair cut,SAVP01,82.0
2018-04-14,sale,elchim dryer,SAVP01,124.5
2018-04-14,sale,Blowdry,SKUD01,50.0
2018-04-14,sale,Discount/Promotion,SKUD01,-50.0
2018-04-14,sale,Children (under 12),LEEN01,50.0
2018-04-14,sale,Women's hair cut,STOK01,82.0
2018-04-14,sale,Women's hair cut,SHAG01,82.0
2018-04-14,sale,Women's hair cut,BONT01,60.0
2018-04-14,sale,Blowdry,WOOJ01,32.0
2018-04-16,sale,Women's hair cut,BLAR01,60.0
2018-04-17,sale,Women's hair cut,STEA01,60.0
2018-04-17,sale,Women's hair cut,MANL01,70.0
2018-04-17,sale,Women's hair cut,GOUE01,60.0
2018-04-17,sale,Women's hair cut,WEIA01,82.0
2018-04-17,sale,Discount/Promotion,BROS01,230.0
2018-04-17,sale,Men's hair cut,HOG*01,35.0
2018-03-20,sale,Women's hair cut,NGUS01,102.0
2018-04-17,sale,Blowdry,HUYK01,30.0
2018-04-17,sale,Men's hair cut,JONC01,35.0
2018-04-17,sale,Men's hair cut,SINS01,0.0
2018-04-17,sale,Women's hair cut,LEEM01,92.0
2018-04-17,sale,Color touch up,LEEM01,55.0
2018-04-17,sale,Women's hair cut,ROWD01,60.0
2018-04-17,sale,Blowdry,COLC01,30.0
2018-04-18,sale,Discount/Promotion,KUKK01,250.0
2018-04-18,sale,Women's hair cut,DAVA01,82.0
2018-04-18,sale,Women's hair cut,SORM01,92.0
2018-04-18,sale,Highlights partial,SORM01,100.0
2018-04-18,sale,Women's hair cut,MILE01,70.0
2018-04-18,sale,Blowdry,WELL01,30.0
2018-04-19,sale,Women's hair cut,GRIA01,70.0
2018-04-19,sale,Women's hair cut,KEIS01,60.0
2018-04-19,sale,Women's hair cut,MCGV01,70.0
2018-04-19,sale,PO Hydrate superfood masque150,MCGV01,40.33
2018-04-19,sale,Children (under 12),RABH01,30.0
2018-04-19,sale,Highlights partial,SCHH01,0.0
2018-04-19,sale,Blowdry,SCHH01,50.0
2018-04-19,sale,Discount/Promotion,SCHH01,-50.0
2018-03-20,sale,Women's hair cut,HUDS01,82.0
2018-04-19,sale,Blowdry,HOLL01,50.0
2018-04-19,sale,Discount/Promotion,HOLL01,-50.0
2018-04-19,sale,Women's hair cut,VAUD01,102.0
2018-04-19,sale,Men's hair cut,MAKM01,35.0
2018-04-19,sale,KM Easy rider 100g,MAKM01,32.0
2018-04-19,sale,Men's hair cut,ZUKS01,30.0
2018-04-19,sale,Women's hair cut,JARM01,82.0
2018-04-19,sale,Women's hair cut,LUL01,60.0
2018-04-19,sale,Women's hair cut,BROT01,70.0
2018-04-19,sale,Women's hair cut,TOHS01,82.0
2018-04-19,sale,Shu cotton uzu 75m,TOHS01,39.9
2018-04-19,sale,Men's hair cut,BUDG02,35.0
2018-04-19,sale,Women's hair cut,COAA01,82.0
2018-03-20,sale,Women's hair cut,ERWS01,82.0
2018-04-19,sale,Men's hair cut,JOHD01,35.0
2018-04-20,sale,Blowdry,FOXS01,32.0
2018-04-20,sale,Women's hair cut,KINN01,82.0
2018-04-20,sale,PO clean volume con 250ml,KINN01,35.39
2018-04-20,sale,Women's hair cut,SEDD01,60.0
2018-04-20,sale,Women's hair cut,SCOL01,60.0
2018-04-20,sale,Men's hair cut,FINW01,30.0
2018-04-20,sale,Women's hair cut,NICM01,82.0
2018-04-20,sale,Men's hair cut,BARW01,40.0
2018-04-20,sale,PO Purify sh 250ml,BARW01,30.73
2018-04-20,sale,Blowdry,WARG01,52.0
2018-03-20,sale,Women's hair cut,HOT01,82.0
2018-04-20,sale,Women's hair cut,KOSI01,82.0
2018-04-20,sale,Color full color,KOSI01,0.0
2018-04-20,sale,Blowdry,HUDM01,30.0
2018-04-20,sale,Men's hair cut,OHAG01,40.0
2018-04-20,sale,Shu shape paste 71g,OHAG01,42.0
2018-04-21,sale,Blowdry,NIDN01,32.0
2018-04-21,sale,Women's hair cut,RICP01,70.0
2018-04-21,sale,Dry updo,WILB01,60.0
2018-04-21,sale,Men's hair cut,MCND01,35.0
2018-04-21,sale,Discount/Promotion,WALK_IN,37.52
2018-04-21,sale,Women's hair cut,HEIM01,60.0
2018-03-20,sale,Women's hair cut,MAIK01,82.0
2018-04-21,sale,Men's hair cut,SHAA01,35.0
2018-04-21,sale,Color full color,RUTR01,0.0
2018-04-21,sale,Women's hair cut,RUTR01,102.0
2018-04-21,sale,Women's hair cut,NEML01,70.0
2018-04-21,sale,Women's hair cut,STEI01,60.0
2018-04-21,sale,Women's hair cut,STEM01,60.0
2018-04-21,sale,Women's hair cut,CORS01,102.0
2018-04-21,sale,Women's hair cut,LEIF01,70.0
2018-04-21,sale,Blowdry,HILJ01,50.0
2018-04-21,sale,Discount/Promotion,HILJ01,-50.0
2018-04-21,sale,Blowdry,BARA01,30.0
2018-04-21,sale,Treatments 1,BARA01,20.0
2018-04-21,sale,Men's hair cut,DELC01,30.0
2018-03-21,sale,Women's hair cut,YUES01,82.0
2018-04-21,sale,Dry updo,ALIR01,82.0
2018-04-20,sale,Consultation,SHIG01,0.0
2018-04-22,sale,Discount/Promotion,WONM02,260.0
2018-04-22,sale,PO hydrate con 250ml,WALK_IN,37.25
2018-04-22,sale,Men's hair cut,APTM01,30.0
2018-04-22,sale,Women's hair cut,SKUT01,60.0
2018-04-22,sale,Women's hair cut,BAIL01,60.0
2018-04-22,sale,Women's hair cut,SARK01,82.0
2018-04-22,sale,elchim dryer,SARK01,224.1
2018-04-22,sale,Men's hair cut,FRAW01,30.0
2018-04-24,sale,Men's hair cut,HENB01,40.0
2018-03-21,sale,Women's hair cut,KRIJ01,82.0
2018-04-24,sale,Women's hair cut,KATM01,82.0
2018-04-24,sale,Blowdry,SKUD01,50.0
2018-04-24,sale,Discount/Promotion,SKUD01,-50.0
2018-04-24,sale,Men's hair cut,SCHJ01,60.0
2018-04-24,sale,Men's camo color,SCHJ01,45.0
2018-04-24,sale,Men's hair cut,BERI01,60.0
2018-04-24,sale,Men's hair cut,OWED01,35.0
2018-04-24,sale,Women's hair cut,LEVL01,82.0
2018-04-24,sale,Children (under 12),BEAL01,45.0
2018-04-24,sale,Children (under 12),BEAA01,45.0
2018-04-24,sale,Women's hair cut,MCKT01,60.0
2018-04-25,sale,Men's hair cut,WRI*01,35.0
2018-04-25,sale,Women's hair cut,HILE01,82.0
2018-03-21,sale,Men's hair cut,BERI01,40.0
2018-04-25,sale,Men's hair cut,SLUS01,40.0
2018-04-25,sale,Shu cleansing oil sh400ml,SLUS01,53.2
2018-04-25,sale,Men's hair cut,STOV01,40.0
2018-04-25,sale,Women's hair cut,BOYL01,70.0
2018-04-25,sale,Color mini touch up,BOYL01,45.0
2018-04-25,sale,Women's hair cut,MCGA01,82.0
2018-04-25,sale,Women's hair cut,RUTM01,82.0
2018-04-25,sale,Women's hair cut,YOUS01,70.0
2018-04-25,sale,Blowdry,ZUGL01,30.0
2018-04-26,sale,Blowdry,RODP01,30.0
2018-04-26,sale,Treatments 1,RODP01,20.0
2018-04-26,sale,Women's hair cut,GREM01,82.0
2018-04-26,sale,Shu essence absolue C.milk 250,GREM01,50.4
2018-04-26,sale,KM Motion lotion 150ml,GREM01,28.8
2018-03-21,sale,Men's hair cut,ROLD01,40.0
2018-04-26,sale,Color touch up,BANR01,55.0
2018-04-26,sale,Blowdry,BANR01,40.0
2018-04-26,sale,Women's hair cut,GELK01,82.0
2018-04-26,sale,Shu cleansing oil sh400ml,GELK01,50.4
2018-04-26,sale,Blowdry,HOLL01,50.0
2018-04-26,sale,Discount/Promotion,HOLL01,-50.0
2018-04-26,sale,Blowdry,BROS01,50.0
2018-04-26,sale,Discount/Promotion,BROS01,-50.0
2018-04-26,sale,Women's hair cut,COLG01,82.0
2018-04-26,sale,Men's hair cut,COLR01,30.0
2018-04-26,sale,Women's hair cut,MOIB01,70.0
2018-04-26,sale,Women's hair cut,BUSM01,70.0
2018-04-26,sale,Women's hair cut,CARC01,82.0
2018-03-21,sale,Women's hair cut,CASH01,82.0
2018-04-26,sale,Men's hair cut,GALB01,60.0
2018-04-26,sale,Women's hair cut,SMIC01,70.0
2018-04-26,sale,Men's hair cut,MOYJ01,40.0
2018-04-27,sale,Discount/Promotion,SIRM01,250.0
2018-04-27,sale,Men's hair cut,GRET01,40.0
2018-04-27,sale,Men's hair cut,YATT01,50.0
2018-04-27,sale,Women's hair cut,CHEW01,102.0
2018-04-27,sale,Blowdry,LEWH01,32.0
2018-04-27,sale,Men's hair cut,REIM01,30.0
2018-04-27,sale,Men's hair cut,KLEA01,50.0
2018-04-27,sale,Women's hair cut,KM01,82.0
2018-04-27,sale,Shu essence absolue oil 150m,KM01,62.1
2018-04-27,sale,Shu cotton uzu 75m,KM01,37.8
2018-04-27,sale,Women's hair cut,GOSD01,102.0
2018-04-27,sale,Blowdry,ARMG01,30.0
2018-04-27,sale,Women's hair cut,LINM02,82.0
2018-04-27,sale,Women's hair cut,MUMK01,75.0
2018-04-27,sale,Blowdry,OZIS01,30.0
2018-04-27,sale,Women's hair cut,TINA01,82.0
2018-04-27,sale,KM Anti gravity lotion 150ml,TINA01,28.8
2018-04-27,sale,Men's hair cut,HARW01,40.0
2018-04-27,sale,KM Motion lotion 150ml,HARW01,28.8
2018-04-27,sale,Women's hair cut,RANZ01,60.0
2018-03-21,sale,Men's hair cut,POTR01,40.0
2018-04-28,sale,Blowdry,RODP01,50.0
2018-04-28,sale,Men's hair cut,MCGA02,35.0
2018-04-28,sale,Blowdry,WONM02,52.0
2018-04-28,sale,Discount/Promotion,WONM02,-52.0
2018-04-28,sale,Women's hair cut,ROGE01,70.0
2018-04-28,sale,Women's hair cut,HUDM01,102.0
2018-04-28,sale,Women's hair cut,PHIJ01,70.0
2018-04-28,sale,PO Hydrate sheer sh 250ml,PHIJ01,30.73
2018-04-28,sale,Women's hair cut,MACB01,82.0
2018-04-28,sale,PO Clean Volume sh 250ml,MACB01,30.73
2018-04-28,sale,PO clean volume con 250ml,MACB01,33.52
2018-04-28,sale,Women's hair cut,WHIA01,82.0
2018-04-28,sale,Women's hair cut,WINL01,70.0
2018-04-28,sale,KM Killer curls 200ml,WINL01,36.0
2018-03-22,sale,Men's hair cut,HYSA01,40.0
2018-04-28,sale,Blowdry,WOOJ01,50.0
2018-04-28,sale,Women's hair cut,HOS01,82.0
2018-04-28,sale,Consultation,CULT01,0.0
2018-04-29,sale,Women's hair cut,WAGL01,82.0
2018-04-29,sale,Women's hair cut,ZHIJ01,82.0
2018-05-01,sale,Shu shape paste 71g,WALK_IN,37.8
2018-05-01,sale,Men's hair cut,FLAD01,35.0
2018-05-01,sale,Blowdry,HILJ01,50.0
2018-03-22,sale,Women's hair cut,TAYD01,82.0
2018-05-01,sale,Women's hair cut,KERT01,102.0
2018-05-01,sale,Accent lights and color,KERT01,70.0
2018-05-01,sale,Men's hair cut,GRIP01,35.0
2018-05-01,sale,Blowdry,BROS01,50.0
2018-05-01,sale,Discount/Promotion,BROS01,-50.0
2018-05-01,sale,Women's hair cut,ALVJ01,82.0
2018-05-01,sale,Men's hair cut,TAYE01,60.0
2018-05-01,sale,Men's hair cut,LEHJ01,50.0
2018-05-01,sale,Women's hair cut,CYRA01,60.0
2018-03-22,sale,Women's hair cut,GOSD01,82.0
2018-05-01,sale,Women's hair cut,FLEB01,82.0
2018-05-02,sale,Blowdry,NELT01,30.0
2018-05-02,sale,Blowdry,RODP01,50.0
2018-05-02,sale,Women's hair cut,ATKN01,82.0
2018-05-02,sale,Shu essence absolue C.milk 250,ATKN01,50.4
2018-05-02,sale,Men's hair cut,DENB01,35.0
2018-05-02,sale,Blowdry,KINN01,52.0
2018-05-02,sale,Women's hair cut,MARA01,70.0
2018-05-02,sale,Men's hair cut,POTR01,60.0
2018-05-02,sale,Women's hair cut,LEEV01,82.0
2018-05-03,sale,Women's hair cut,LEFN01,82.0
2018-05-03,sale,Men's hair cut,NIES02,40.0
2018-05-03,sale,Women's hair cut,BHAJ01,60.0
2018-05-03,sale,Blowdry,NIDN01,50.0
2018-05-03,sale,Blowdry,SKUD01,50.0
2018-05-03,sale,Discount/Promotion,SKUD01,-50.0
2018-05-03,sale,Blowdry,HOLL01,45.0
2018-05-03,sale,Discount/Promotion,HOLL01,-45.0
2018-05-03,sale,Women's hair cut,BRIK01,82.0
2018-03-22,sale,Women's hair cut,OKEM01,82.0
2018-05-03,sale,Women's hair cut,MESN01,60.0
2018-05-03,sale,Color touch up,NEEL01,40.0
2018-05-03,sale,Women's hair cut,NEEL01,92.0
2018-05-03,sale,Men's hair cut,SPIJ01,30.0
2018-05-03,sale,Men's hair cut,LYNG01,60.0
2018-05-03,sale,Men's hair cut,TSAR01,40.0
2018-05-03,sale,Men's hair cut,BREM01,55.0
2018-05-03,sale,Women's hair cut,MARR01,70.0
2018-05-03,sale,Men's hair cut,BRAN01,35.0
2018-05-03,sale,Women's hair cut,WOOD02,82.0
2018-03-22,sale,Men's hair cut,GALB01,40.0
2018-05-04,sale,Blowdry,BYRP01,50.0
2018-05-04,sale,Men's hair cut,COLE01,40.0
2018-05-04,sale,Men's hair cut,COLR02,30.0
2018-05-04,sale,Blowdry,COLG01,50.0
2018-05-04,sale,Men's hair cut,COLB01,40.0
2018-05-04,sale,Blowdry,SIRM01,50.0
2018-05-04,sale,Discount/Promotion,SIRM01,-50.0
2018-05-04,sale,Color mini touch up,MCGV01,50.0
2018-05-04,sale,Blowdry,KOOM01,52.0
2018-03-23,sale,Women's hair cut,WARG01,82.0
2018-05-04,sale,Men's hair cut,PLUJ01,60.0
2018-05-04,sale,Men's camo color,PLUJ01,25.0
2018-05-04,sale,Blowdry,ALIR02,30.0
2018-05-04,sale,Blowdry,RICC01,40.0
2018-05-04,sale,Color full color,RICC01,80.0
2018-05-04,sale,Women's hair cut,GHOP01,70.0
2018-05-04,sale,Accent lights and color,GHOP01,130.0
2018-05-04,sale,Men's hair cut,ZIMJ01,30.0
2018-05-04,sale,Men's camo color,GUYD01,35.0
2018-05-04,sale,Men's hair cut,GUYD01,40.0
2018-05-04,sale,Women's hair cut,BENS01,82.0
2018-05-04,sale,Women's hair cut,MICK01,82.0
2018-03-23,sale,Men's hair cut,TAYE01,40.0
2018-05-04,sale,Highlights partial,SCHC01,100.0
2018-05-04,sale,Shu essence absolue oil 150m,SCHC01,62.1
2018-05-04,sale,Men's hair cut,NICP01,50.0
2018-05-04,sale,KM Easy rider 100g,NICP01,28.8
2018-05-04,sale,Men's hair cut,CAND01,60.0
2018-05-04,sale,Color touch up,PENM01,60.0
2018-05-04,sale,Discount/Promotion,PENM01,240.0
2018-05-05,sale,Blowdry,WONM02,52.0
2018-05-05,sale,Discount/Promotion,WONM02,-52.0
2018-03-23,sale,Women's hair cut,MOOH01,82.0
2018-05-05,sale,Women's hair cut,SCOJ01,60.0
2018-05-05,sale,Blowdry,BROF01,40.0
2018-05-05,sale,Accent lights and color,BROF01,130.0
2018-05-05,sale,Men's hair cut,LAMC01,30.0
2018-05-05,sale,Men's hair cut,ALIA01,30.0
2018-05-05,sale,Women's hair cut,ODOA01,40.0
2018-05-05,sale,Women's hair cut,SHIL01,70.0
2018-05-05,sale,Men's hair cut,BOTN01,35.0
2018-05-05,sale,Women's hair cut,CHUJ01,70.0
2018-05-05,sale,Blowdry,WYRC01,32.0
2018-03-23,sale,Women's hair cut,MUMK01,82.0
2018-05-05,sale,Balayage,BENL01,190.0
2018-05-05,sale,Women's hair cut,BENL01,92.0
2018-05-05,sale,Women's hair cut,GAGC01,82.0
2018-05-05,sale,Color touch up,TUMM01,60.0
2018-05-05,sale,Women's hair cut,TUMM01,92.0
2018-05-05,sale,Shu essence absolue oil 150m,TUMM01,62.1
2018-05-05,sale,Women's hair cut,FISV01,60.0
2018-05-05,sale,Accent lights and color,ERWS01,140.0
2018-05-05,sale,Women's hair cut,ERWS01,102.0
2018-05-05,sale,Blowdry,HUDM01,52.0
2018-05-05,sale,Color touch up,CAYK01,70.0
2018-05-05,sale,Women's hair cut,HESM01,70.0
2018-05-05,sale,Color touch up,IRWE01,70.0
2018-05-05,sale,Men's hair cut,IRWE01,55.0
2018-05-05,sale,Consultation,IRWE01,0.0
2018-03-23,sale,Women's hair cut,STEL01,82.0
2018-05-06,sale,Blowdry,HUDS01,52.0
2018-05-06,sale,Shu silk bloom masque200,HUDS01,59.4
2018-05-06,sale,Women's hair cut,SARM01,82.0
2018-05-06,sale,Women's hair cut,JONK01,60.0
2018-03-23,sale,Women's hair cut,DAV*01,82.0
2018-05-08,sale,Men's hair cut,LEEP01,60.0
2018-05-08,sale,Women's hair cut,BRES01,102.0
2018-05-08,sale,Discount/Promotion,NELT01,250.0
2018-05-08,sale,Men's hair cut,BATP01,40.0
2018-05-08,sale,Color full color,KIMS01,75.0
2018-05-08,sale,Women's hair cut,KIMS01,92.0
2018-05-08,sale,Highlights full,TAYL01,160.0
2018-05-09,sale,Blowdry,COLG01,50.0
2018-03-24,sale,Men's hair cut,APTM01,40.0
2018-05-22,sale,NeuMa Argan Oil 75ml,CARB01,29.7
2018-05-22,sale,NeuMa Blowdry Lotion 250ml,CARB01,29.7
2018-05-22,sale,Consultation,CARB01,0.0
2018-05-08,sale,Women's hair cut,JUDJ01,70.0
2018-05-08,sale,Women's hair cut,KIMY01,82.0
2018-05-08,sale,Women's hair cut,BOSJ01,90.0
2018-05-08,sale,PO Clean Volume sh 250ml,BOSJ01,30.73
2018-05-08,sale,PO clean volume con 250ml,BOSJ01,33.52
2018-05-08,sale,Men's hair cut,PIPJ01,60.0
2018-05-08,sale,Blowdry,HILJ01,50.0
2018-05-08,sale,Discount/Promotion,HILJ01,-50.0
2018-05-08,sale,Women's hair cut,ALZR01,60.0
2018-05-08,sale,Men's hair cut,HOWC01,40.0
2018-05-08,sale,Highlights partial,TAYJ01,160.0
2018-05-08,sale,Women's hair cut,TAYJ01,102.0
2018-05-08,sale,Blowdry,MCPL01,40.0
2018-05-08,sale,Highlights full,MCPL01,150.0
2018-05-09,sale,Women's hair cut,ANDN01,70.0
2018-05-09,sale,Women's hair cut,SINJ01,82.0
2018-05-09,sale,Women's hair cut,CRIV01,70.0
2018-05-09,sale,Color full color,CABL01,65.0
2018-05-09,sale,Accent lights and color,BERH01,90.0
2018-05-09,sale,Women's hair cut,BERH01,92.0
2018-05-09,sale,Men's hair cut,FLEL01,35.0
2018-05-09,sale,Women's hair cut,RUPN01,70.0
2018-05-09,sale,Women's hair cut,MCLE01,70.0
2018-05-09,sale,Men's hair cut,SHAS01,40.0
2018-05-10,sale,Men's hair cut,COLJ01,60.0
2018-05-10,sale,Women's hair cut,SOLR01,60.0
2018-05-10,sale,Women's hair cut,DINJ01,60.0
2018-05-10,sale,Women's hair cut,MONE01,70.0
2018-03-27,sale,Women's hair cut,FELH01,82.0
2018-05-10,sale,Children (under 12),NORB01,0.0
2018-05-10,sale,Women's hair cut,NORL01,82.0
2018-05-10,sale,Women's hair cut,SHAP01,60.0
2018-05-10,sale,Women's hair cut,STEP01,70.0
2018-05-10,sale,Women's hair cut,BREH01,102.0
2018-05-10,sale,Blowdry,HOLL01,50.0
2018-05-10,sale,Discount/Promotion,HOLL01,-50.0
2018-05-10,sale,Accent lights and color,HOLS01,120.0
2018-05-10,sale,Discount/Promotion,AINM01,230.0
2018-05-10,sale,Men's hair cut,TAYR01,40.0
2018-05-10,sale,Men's hair cut,TAYT01,35.0
2018-05-10,sale,Men's hair cut,THOD01,60.0
2018-03-27,sale,Women's hair cut,MINA01,82.0
2018-05-10,sale,Blowdry,BROS01,50.0
2018-05-10,sale,Discount/Promotion,BROS01,-50.0
2018-05-10,sale,Accent lights and color,BOES01,120.0
2018-05-10,sale,Highlights partial,KALA01,150.0
2018-05-10,sale,Women's hair cut,KALA01,92.0
2018-05-10,sale,Women's hair cut,MARK01,60.0
2018-05-10,sale,Highlights full,REIC01,140.0
2018-05-10,sale,Men's hair cut,BUDG02,55.0
2018-05-10,sale,KM Night Rider 100g,BUDG02,28.8
2018-05-10,sale,Women's hair cut,ROSD01,82.0
2018-05-11,sale,Women's hair cut,THOW01,102.0
2018-05-11,sale,Blowdry,SIRM01,50.0
2018-05-11,sale,Discount/Promotion,SIRM01,-50.0
2018-05-11,sale,Shu ultimate remedy serum 30m,WALK_IN,56.0
2018-03-27,sale,Women's hair cut,BRES01,82.0
2018-05-11,sale,Women's hair cut,NOWT01,82.0
2018-05-11,sale,Color touch up,LEEO01,50.0
2018-05-11,sale,Men's hair cut,GIEC01,40.0
2018-05-11,sale,Men's hair cut,MURS01,5.0
2018-05-11,sale,Women's hair cut,GRAA01,82.0
2018-05-11,sale,Consultation,REDM01,0.0
2018-05-11,sale,Blowdry,KHAN01,30.0
2018-05-11,sale,Highlights partial,COWL01,150.0
2018-05-11,sale,Women's hair cut,COWL01,70.0
2018-05-11,sale,Smart Bond,COWL01,25.0
2018-05-11,sale,Color touch up,COLG01,70.0
2018-05-11,sale,Blowdry,COLG01,50.0
2018-05-11,sale,Women's hair cut,CHA*01,82.0
2018-05-11,sale,Men's hair cut,LIMB01,30.0
2018-05-11,sale,Women's hair cut,NICL01,82.0
2018-05-11,sale,Shu texture wave 193g,NICL01,37.8
2018-05-11,sale,Blowdry,ARRM01,52.0
2018-05-11,sale,Men's hair cut,WARN01,30.0
2018-05-11,sale,Men's hair cut,BROS02,30.0
2018-05-11,sale,Blowdry,TIML01,32.0
2018-05-11,sale,Men's hair cut,WARK01,30.0
2018-03-27,sale,Women's hair cut,BUSC01,82.0
2018-05-12,sale,Men's hair cut,STOD01,55.0
2018-05-12,sale,Blowdry,PHIJ01,50.0
2018-05-12,sale,Women's hair cut,EZIR01,82.0
2018-05-12,sale,Shu essence absolue C.milk 250,EZIR01,50.4
2018-05-12,sale,Highlights full,SMIS01,140.0
2018-05-12,sale,Highlights partial,GOSD01,130.0
2018-05-12,sale,Consultation,JASA01,0.0
2018-05-12,sale,Discount/Promotion,JASA01,260.0
2018-05-12,sale,Blowdry,PEEL01,30.0
2018-05-12,sale,Highlights partial,TYRK01,150.0
2018-05-12,sale,Blowdry,TYRK01,40.0
2018-03-27,sale,Women's hair cut,DESA01,82.0
2018-05-12,sale,Women's hair cut,TAYJ02,92.0
2018-05-12,sale,Highlights full,TAYJ02,150.0
2018-05-12,sale,Color full color,MARM01,65.0
2018-05-12,sale,Discount/Promotion,MARM01,0.0
2018-05-12,sale,elchim dryer,MARM01,249.0
2018-05-12,sale,KM Killer curls 200ml,MARM01,36.0
2018-05-12,sale,Women's hair cut,TINT02,82.0
2018-05-12,sale,Men's hair cut,ROST01,40.0
2018-05-12,sale,Women's hair cut,LYL01,82.0
2018-05-12,sale,Men's hair cut,MARG01,60.0
2018-05-12,sale,Blowdry,SARM01,50.0
2018-05-12,sale,Color full color,SARM01,85.0
2018-05-12,sale,Blowdry,NELT01,50.0
2018-05-12,sale,Discount/Promotion,NELT01,-50.0
2018-05-12,sale,Blowdry,HUDM01,50.0
2018-03-28,sale,Women's hair cut,HOP01,82.0
2018-05-15,sale,Women's hair cut,MOLC01,60.0
2018-05-15,sale,Women's hair cut,MONL01,70.0
2018-05-15,sale,Men's camo color,SCHJ01,45.0
2018-05-15,sale,Men's hair cut,SCHJ01,60.0
2018-05-15,sale,Highlights partial,RODP01,160.0
2018-05-15,sale,Women's hair cut,RODP01,90.0
2018-05-15,sale,Women's hair cut,CHMY01,60.0
2018-05-15,sale,Men's hair cut,BREF01,40.0
2018-05-15,sale,PO Purify sh 250ml,BREF01,30.73
2018-05-15,sale,Blowdry,SARK01,52.0
2018-05-15,sale,Partial highlights and color,SARK01,140.0
2018-05-15,sale,Men's hair cut,MACR01,35.0
2018-05-15,sale,Color touch up,ROSM01,50.0
2018-05-15,sale,Women's hair cut,KUCM02,82.0
2018-05-15,sale,Shu cleansing oil con 250m,KUCM02,50.4
2018-05-15,sale,Shu cleansing oil sh400ml,KUCM02,50.4
2018-05-15,sale,Men's hair cut,MELE01,30.0
2018-05-15,sale,Accent lights and color,BURT01,45.0
2018-05-15,sale,Men's hair cut,BURT01,50.0
2018-05-15,sale,Women's hair cut,WOOJ01,90.0
2018-05-15,sale,Women's hair cut,ARAI01,60.0
2018-05-15,sale,Women's hair cut,LUCL01,60.0
2018-05-15,sale,Blowdry,BROS01,50.0
2018-05-15,sale,Discount/Promotion,BROS01,-50.0
2018-05-16,sale,Women's hair cut,SCHH01,102.0
2018-05-16,sale,Blowdry,KUKK01,50.0
2018-05-16,sale,Discount/Promotion,KUKK01,-50.0
2018-03-28,sale,Men's hair cut,CAND01,40.0
2018-03-28,sale,Men's camo color,CAND01,45.0
2018-05-16,sale,Blowdry,NELT01,50.0
2018-05-16,sale,Discount/Promotion,NELT01,-50.0
2018-05-16,sale,Consultation,RODP01,25.0
2018-05-16,sale,Men's hair cut,SARA01,60.0
2018-05-16,sale,Women's hair cut,REIL01,70.0
2018-05-16,sale,Women's hair cut,LAMD01,82.0
2018-05-16,sale,Blowdry,ELSM01,30.0
2018-05-16,sale,Women's hair cut,BUSC01,102.0
2018-05-16,sale,Women's hair cut,CURK01,70.0
2018-03-29,sale,Women's hair cut,LINM01,82.0
2018-05-16,sale,Men's hair cut,MACT01,40.0
2018-05-17,sale,Blowdry,HUDM01,52.0
2018-05-17,sale,Women's hair cut,STOS01,70.0
2018-05-17,sale,Women's hair cut,SIDA01,60.0
2018-05-17,sale,Women's hair cut,OKEM01,102.0
2018-05-17,sale,Men's hair cut,YATT01,50.0
2018-05-17,sale,Blowdry,HOLL01,50.0
2018-05-17,sale,Discount/Promotion,HOLL01,-50.0
2018-05-17,sale,Women's hair cut,MANL01,90.0
2018-05-17,sale,Blowdry,PER*01,30.0
2018-03-29,sale,Women's hair cut,REDM01,82.0
2018-05-17,sale,Accent lights and color,CHUA01,130.0
2018-05-17,sale,Women's hair cut,CHUA01,92.0
2018-05-17,sale,Blowdry,WOOD02,50.0
2018-05-17,sale,Partial highlights and color,BURL01,170.0
2018-05-17,sale,Blowdry,BURL01,40.0
2018-05-17,sale,Men's hair cut,HAMD01,30.0
2018-05-17,sale,Women's hair cut,PRIL01,51.0
2018-05-17,sale,Color mini touch up,HILJ01,50.0
2018-05-17,sale,Blowdry,HILJ01,50.0
2018-05-17,sale,Discount/Promotion,HILJ01,-50.0
2018-05-17,sale,Blowdry,COLG01,50.0
2018-05-17,sale,Men's hair cut,ABL*01,30.0
2018-05-17,sale,Shu silk bloom con 250,ABL*01,46.0
2018-05-17,sale,Highlights partial,LOCS01,140.0
2018-05-17,sale,Blowdry,BUEM01,30.0
2018-03-29,sale,Women's hair cut,FLEC01,82.0
2018-05-17,sale,Women's hair cut,MORB01,102.0
2018-05-17,sale,Color full color,MORB01,85.0
2018-05-17,sale,Shu cleansing oil sh400ml,WALK_IN,50.4
2018-05-17,sale,Shu cleansing oil con 250m,WALK_IN,50.4
2018-05-17,sale,Men's hair cut,SHAA01,55.0
2018-05-18,sale,Women's hair cut,SIRM01,80.0
2018-05-18,sale,Highlights partial,SAMJ01,150.0
2018-05-18,sale,Women's hair cut,SAMJ01,66.5
2018-03-30,sale,Women's hair cut,CHUC01,82.0
2018-05-18,sale,Blowdry,PENM01,50.0
2018-05-18,sale,Discount/Promotion,PENM01,-50.0
2018-05-18,sale,PO strength cure sh 50ml,WALK_IN,9.25
2018-05-18,sale,PO color fanatic 30ml,WALK_IN,9.25
2018-05-18,sale,Men's hair cut,OHAG01,60.0
2018-05-18,sale,PO color fanatic 200ml,OHAG01,30.5
2018-05-18,sale,Partial highlights and color,ROBT01,140.0
2018-05-18,sale,miscellaneous,WALK_IN,0.0
2018-05-18,sale,Women's hair cut,NICS01,82.0
2018-05-18,sale,Women's hair cut,CORS02,60.0
2018-03-30,sale,Women's hair cut,PRIM01,51.0
2018-05-18,sale,Women's hair cut,WOOD01,102.0
2018-05-18,sale,Color touch up,WOOD01,70.0
2018-05-18,sale,Blowdry,SKUD01,50.0
2018-05-18,sale,Discount/Promotion,SKUD01,-50.0
2018-05-18,sale,Men's hair cut,MASA01,30.0
2018-05-18,sale,Men's hair cut,DELC01,50.0
2018-05-18,sale,Women's hair cut,MESK01,82.0
2018-05-19,sale,Blowdry,WONM02,52.0
2018-05-19,sale,Discount/Promotion,WONM02,-52.0
2018-05-19,sale,Women's hair cut,MCKS01,70.0
2018-05-19,sale,Women's hair cut,IORC01,82.0
2018-05-19,sale,Women's hair cut,JONW01,45.0
2018-05-19,sale,Women's hair cut,JONE01,45.0
2018-05-19,sale,elchim dryer,JONE01,249.0
2018-05-19,sale,Elchim diffuser,JONE01,0.0
2018-04-01,sale,Discount/Promotion,SLEA01,0.0
2018-05-19,sale,Blowdry,RUTR01,52.0
2018-05-19,sale,Color full color,RUTR01,85.0
2018-05-19,sale,LP hair touch up brown 59ml,RUTR01,18.45
2018-05-19,sale,Women's hair cut,HASS01,45.0
2018-05-19,sale,PO color fanatic 200ml,HASS01,27.45
2018-05-19,sale,Dry updo,LEIF01,90.0
2018-05-19,sale,Women's hair cut,OGOE01,45.0
2018-05-19,sale,Full Highlights and color,RONM01,160.0
2018-05-19,sale,Women's hair cut,NELT01,90.0
2018-05-19,sale,Color touch up,DANJ01,70.0
2018-05-19,sale,Blowdry,DANJ01,50.0
2018-04-01,sale,Discount/Promotion,SLEA01,0.0
2018-05-19,sale,Men's hair cut,MCGM01,35.0
2018-05-19,sale,Women's hair cut,BARE01,45.0
2018-05-19,sale,Color full color,BARE01,65.0
2018-05-19,sale,Color touch up,NIDN01,70.0
2018-05-19,sale,Blowdry,NIDN01,50.0
2018-05-19,sale,Color full color,RIZB01,55.0
2018-05-19,sale,Women's hair cut,RIZB01,55.0
2018-05-19,sale,Women's hair cut,DANG01,82.0
2018-05-19,sale,Accent lights and color,LURM01,120.0
2018-05-22,sale,Blowdry,WONM02,52.0
2018-05-22,sale,Discount/Promotion,WONM02,-52.0
2018-05-22,sale,Men's hair cut,DUFD01,60.0
2018-05-22,sale,Women's hair cut,MOGS01,45.0
2018-04-03,sale,Blowdry,WONM02,32.0
2018-05-22,sale,Women's hair cut,WARG01,102.0
2018-05-22,sale,Men's hair cut,HELJ01,50.0
2018-05-22,sale,Balayage,ANDJ01,150.0
2018-05-22,sale,Women's hair cut,ANDJ01,65.0
2018-05-22,sale,Treatments 1,ANDJ01,20.0
2018-05-22,sale,Color toner,ANDJ01,45.0
2018-05-22,sale,Blowdry,KUKK01,50.0
2018-05-22,sale,Discount/Promotion,KUKK01,-50.0
2018-05-22,sale,PO strength cure con 250ml,WALK_IN,37.25
2018-05-22,sale,Color touch up,WIL*01,60.0
2018-05-22,sale,Women's hair cut,WIL*01,92.0
2018-05-22,sale,Women's hair cut,ERVA01,70.0
2018-05-22,sale,Men's hair cut,DRAR01,35.0
2018-05-22,sale,Women's hair cut,DAV*01,102.0
2018-04-03,sale,Blowdry,THOW01,32.0
2018-05-22,sale,Women's hair cut,HOLD01,60.0
2018-05-22,sale,Women's hair cut,SHAI01,80.0
2018-05-22,sale,Highlights partial,SHAI01,150.0
2018-05-22,sale,Treatments 1,SHAI01,20.0
2018-05-22,sale,Men's hair cut,PN01,35.0
2018-05-22,sale,Women's hair cut,RIVA01,60.0
2018-05-22,sale,Men's hair cut,BORJ01,40.0
2018-05-22,sale,Blowdry,KUKH01,40.0
2018-05-22,sale,Highlights partial,KUKH01,150.0
2018-05-22,sale,Blowdry,WOOJ01,50.0
2018-05-22,sale,Color touch up,WOOJ01,70.0
2018-05-23,sale,Women's hair cut,SAVC01,82.0
2018-05-23,sale,Women's hair cut,KOSA01,45.0
2018-04-03,sale,Blow dry bundle 5+1,SKUD01,230.0
2018-05-23,sale,Women's hair cut,GRIA01,90.0
2018-05-23,sale,Blowdry,PER*01,55.0
2018-05-23,sale,Men's hair cut,SLUS01,60.0
2018-05-23,sale,Women's hair cut,RICP01,90.0
2018-05-23,sale,Women's hair cut,DOLD01,102.0
2018-05-23,sale,Men's hair cut,SINS02,30.0
2018-05-23,sale,Blowdry,COLG01,50.0
2018-04-03,sale,Women's hair cut,LINJ01,82.0
2018-04-03,sale,PO hydrate sh  250ml,LINJ01,32.44
2018-05-23,sale,Women's hair cut,COXH01,55.0
2018-05-23,sale,KM Doo over 250ml,COXH01,31.05
2018-05-23,sale,PO color fanatic 200ml,COXH01,27.45
2018-05-23,sale,Partial highlights and color,.L01,170.0
2018-05-23,sale,Women's hair cut,.L01,92.0
2018-05-23,sale,Blowdry,NELT01,50.0
2018-05-23,sale,Discount/Promotion,NELT01,-50.0
2018-05-23,sale,Women's hair cut,DRAA01,55.0
2018-05-23,sale,Blowdry,BERH01,52.0
2018-05-23,sale,Women's hair cut,CLEE01,70.0
2018-05-23,sale,PO CV instant levitation mist,CLEE01,35.4
2018-05-23,sale,Men's hair cut,PARJ01,35.0
2018-05-23,sale,Men's hair cut,HENB01,60.0
2018-05-23,sale,Shu Sheer lacquer 226g,WALK_IN,42.0
2018-05-23,sale,Men's hair cut,POTR01,60.0
2018-05-23,sale,Men's hair cut,POOD01,55.0
2018-05-23,sale,Women's hair cut,VELA01,82.0
2018-05-23,sale,Women's hair cut,SHEK01,70.0
2018-05-23,sale,Women's hair cut,WALS01,70.0
2018-05-24,sale,Women's hair cut,HENA01,70.0
2018-05-24,sale,Smart Bond,HENA01,20.0
2018-05-24,sale,Accent lights and color,HENA01,130.0
2018-05-24,sale,Women's hair cut,HOAB01,70.0
2018-05-24,sale,Women's hair cut,MAPJ01,82.0
2018-05-24,sale,Blowdry,POLB01,30.0
2018-05-24,sale,Women's hair cut,MOLA01,102.0
2018-05-24,sale,Shu Muroto volume sh300,MOLA01,41.4
2018-05-24,sale,Color touch up,MOIB01,70.0
2018-05-24,sale,Women's hair cut,MOIB01,90.0
2018-05-24,sale,PO Hydrate superfood masque150,MOIB01,36.3
2018-05-24,sale,Men's hair cut,MCCB01,50.0
2018-05-24,sale,Women's hair cut,HIMB01,82.0
2018-05-24,sale,Color touch up,HOLL01,70.0
2018-05-24,sale,Women's hair cut,HOLL01,90.0
2018-05-24,sale,Women's hair cut,THOJ01,70.0
2018-05-24,sale,Color full color,BENC01,65.0
2018-05-24,sale,Women's hair cut,RUTA01,102.0
2018-05-24,sale,Accent lights and color,RUTA01,140.0
2018-04-03,sale,Men's hair cut,YATT01,30.0
2018-05-24,sale,Men's hair cut,MAKM01,55.0
2018-05-24,sale,Blowdry,AVPR01,30.0
2018-05-24,sale,Highlights partial,JOHJ01,160.0
2018-05-25,sale,Blowdry,HUDM01,52.0
2018-05-25,sale,Blowdry,SIRM01,50.0
2018-05-25,sale,miscellaneous,SIRM01,-50.0
2018-05-25,sale,Women's hair cut,KINN01,102.0
2018-05-25,sale,Men's hair cut,KLEA01,50.0
2018-05-25,sale,Color touch up,CARK01,40.0
2018-05-25,sale,Blowdry,CARK01,35.0
2018-05-25,sale,Women's hair cut,IADA01,55.0
2018-05-25,sale,Women's hair cut,DORR01,82.0
2018-05-25,sale,Women's hair cut,WYRC01,102.0
2018-05-25,sale,Women's hair cut,MER*01,55.0
2018-05-25,sale,Women's hair cut,KASJ01,60.0
2018-05-25,sale,Women's hair cut,LYOH01,60.0
2018-05-25,sale,Men's hair cut,GUBD01,60.0
2018-05-25,sale,Women's hair cut,HIGA01,55.0
2018-04-03,sale,Women's hair cut,BREH01,82.0
2018-05-25,sale,Men's hair cut,APTM01,30.0
2018-05-25,sale,Shu cleansing oil con 250m,APTM01,44.8
2018-05-25,sale,Shu cleansing oil sh400ml,APTM01,44.8
2018-05-25,sale,Color mini touch up,PENM01,50.0
2018-05-25,sale,Blowdry,PENM01,50.0
2018-05-25,sale,Discount/Promotion,PENM01,-50.0
2018-05-25,sale,Men's hair cut,WEIS01,40.0
2018-05-25,sale,Consultation,INFB01,0.0
2018-05-25,sale,Women's hair cut,COWS01,60.0
2018-05-26,sale,Blowdry,RODP01,50.0
2018-05-26,sale,PO strength cure sh 250ml,RODP01,30.73
2018-05-26,sale,Blowdry,HILJ01,50.0
2018-05-26,sale,Discount/Promotion,HILJ01,-50.0
2018-05-26,sale,Blowdry,NELT01,50.0
2018-05-26,sale,Discount/Promotion,NELT01,-50.0
2018-05-26,sale,Blowdry,BROS01,50.0
2018-05-26,sale,Discount/Promotion,BROS01,-50.0
2018-05-26,sale,Men's hair cut,BERI01,60.0
2018-05-26,sale,Shu cleansing oil sh400ml,BERI01,50.4
2018-04-03,sale,Shu color lustre sh 300ml,WALK_IN,43.7
2018-04-03,sale,Shu color lustre con 250ml,WALK_IN,53.2
2018-05-26,sale,Color touch up,FIGM01,45.0
2018-05-26,sale,Color mini touch up,COLG01,50.0
2018-05-26,sale,Blowdry,COLG01,50.0
2018-05-26,sale,Men's hair cut,RADP01,35.0
2018-05-26,sale,Color full color,FLAS01,75.0
2018-05-26,sale,Women's hair cut,FLAS01,80.0
2018-05-26,sale,PO hydrate sheer con 250ml,FLAS01,33.52
2018-05-26,sale,PO Hydrate sheer sh 250ml,FLAS01,30.73
2018-05-26,sale,PO clean volume mousse 238g,FLAS01,36.3
2018-05-26,sale,Highlights full,FLAC01,170.0
2018-05-26,sale,Women's hair cut,FLAC01,80.0
2018-05-26,sale,PO strength cure con 250ml,FLAC01,33.52
2018-05-26,sale,PO strength cure sh 250ml,FLAC01,30.73
2018-05-26,sale,Women's hair cut,WILT01,82.0
2018-05-26,sale,Shu essence absolue oil 150m,WILT01,62.1
2018-05-26,sale,Women's hair cut,LANI01,82.0
2018-05-26,sale,Men's hair cut,BRAN01,35.0
2018-05-26,sale,double process blonde,KRAV01,80.0
2018-05-26,sale,Women's hair cut,KRAV01,75.0
2018-05-26,sale,Smart Bond,KRAV01,25.0
2018-04-03,sale,Men's hair cut,NICP01,30.0
2018-05-26,sale,Balayage,HENI01,180.0
2018-05-26,sale,Women's hair cut,HENI01,102.0
2018-05-26,sale,Shu cleansing oil con 250m,HENI01,50.4
2018-05-26,sale,Shu cleansing oil sh400ml,HENI01,50.4
2018-05-26,sale,Women's hair cut,PATB01,60.0
2018-05-26,sale,Women's hair cut,RETM01,70.0
2018-05-26,sale,Women's hair cut,SASM01,55.0
2018-05-26,sale,Color toner,SASM01,45.0
2018-05-26,sale,PO color fanatic 200ml,SASM01,27.45
2018-05-26,sale,Color touch up,SPEK01,50.0
2018-05-26,sale,Women's hair cut,MAUA01,82.0
2018-05-26,sale,Blowdry,WOOJ01,52.0
2018-05-26,sale,Discount/Promotion,WOOJ01,-52.0
2018-05-26,sale,Blowdry,ARRM01,55.0
2018-04-03,sale,Women's hair cut,BOSJ01,70.0
2018-05-26,sale,Blowdry,WONM02,52.0
2018-05-29,sale,Women's hair cut,DHAL01,82.0
2018-05-29,sale,Men's hair cut,STEL02,30.0
2018-05-29,sale,Color full color,WALC01,65.0
2018-05-29,sale,Women's hair cut,DAWP01,70.0
2018-05-29,sale,Women's hair cut,KEN*01,90.0
2018-05-29,sale,Men's camo color,SCHJ01,45.0
2018-05-29,sale,Smart Bond,LEB01,25.0
2018-05-29,sale,Women's hair cut,LEB01,45.0
2018-05-29,sale,Men's hair cut,OWED01,55.0
2018-05-29,sale,Women's hair cut,KEIS01,80.0
2018-05-29,sale,Blowdry,MULN01,32.0
2018-05-29,sale,Shu cleansing oil con 250m,MULN01,50.4
2018-05-29,sale,Shu ample angora150m,MULN01,37.8
2018-05-29,sale,Shu cleansing oil sh400ml,MULN01,50.4
2018-05-29,sale,Color full color,STEJ01,65.0
2018-05-29,sale,Women's hair cut,STEJ01,55.0
2018-05-29,sale,Color toner,STEJ01,45.0
2018-05-29,sale,Women's hair cut,AYKS01,65.0
2018-05-29,sale,Highlights partial,AYKS01,135.0
2018-05-29,sale,Men's hair cut,ZUKS01,50.0
2018-05-29,sale,Children (under 12),VANJ01,30.0
2018-05-29,sale,Women's hair cut,WEIA01,102.0
2018-05-29,sale,Men's hair cut,JOHD01,55.0
2018-05-29,sale,Men's hair cut,BUFJ01,30.0
2018-05-29,sale,Men's hair cut,BUFW01,35.0
2018-05-29,sale,Women's hair cut,PUGS01,92.0
2018-05-29,sale,Accent lights and color,PUGS01,130.0
2018-04-03,sale,Blowdry,DANJ01,30.0
2018-05-29,sale,Men's hair cut,LAWJ01,35.0
2018-05-29,sale,Women's hair cut,ROWD01,80.0
2018-05-29,sale,Smart Bond,HILD01,5.0
2018-05-29,sale,Partial highlights and color,HILD01,180.0
2018-05-29,sale,Women's hair cut,THOA01,55.0
2018-05-29,sale,Women's hair cut,DODK01,70.0
2018-05-29,sale,Men's hair cut,STEM02,40.0
2018-05-29,sale,Men's hair cut,ANDM01,30.0
2018-03-15,sale,Women's hair cut,CORS01,82.0
2018-04-03,sale,Women's hair cut,DOWR01,60.0
2018-05-30,sale,Men's hair cut,MORD01,35.0
2018-05-30,sale,Men's hair cut,GALB01,60.0
2018-05-30,sale,Women's hair cut,BALJ01,90.0
2018-05-30,sale,Women's hair cut,HOUC01,45.0
2018-05-30,sale,Blowdry,KUKK01,50.0
2018-05-30,sale,Discount/Promotion,KUKK01,-50.0
2018-05-30,sale,Men's hair cut,SLEA01,60.0
2018-05-30,sale,Partial highlights and color,SPRK01,180.0
2018-05-30,sale,Blowdry,SPRK01,50.0
2018-05-30,sale,Women's hair cut,MAEJ01,92.0
2018-05-30,sale,Color touch up,MAEJ01,60.0
2018-05-30,sale,PO Hydrate sheer sh 250ml,MAEJ01,30.73
2018-05-30,sale,Discount/Promotion,BROS01,250.0
2018-05-30,sale,Women's hair cut,BOSJ01,90.0
2018-04-04,sale,Men's hair cut,COLJ01,40.0
2018-05-30,sale,Women's hair cut,ESKR01,102.0
2018-05-30,sale,Shu urban moisture sh 300,WALK_IN,50.4
2018-05-30,sale,Shu urban moisture con250,WALK_IN,50.4
2018-05-30,sale,Blowdry,DACJ01,50.0
2018-05-30,sale,Women's hair cut,DEK01,82.0
2018-05-30,sale,Women's hair cut,MOHR01,75.0
2018-05-30,sale,Men's hair cut,BREM01,55.0
2018-05-30,sale,Men's hair cut,FREJ01,30.0
2018-05-30,sale,Women's hair cut,JOHJ01,90.0
2018-05-30,sale,Women's hair cut,CHUH01,70.0
2018-04-04,sale,Women's hair cut,BALJ01,70.0
2018-05-30,sale,Blowdry,NELT01,50.0
2018-05-30,sale,Discount/Promotion,NELT01,-50.0
2018-05-31,sale,Women's hair cut,WILS01,102.0
2018-05-31,sale,Women's hair cut,PER*01,82.0
2018-05-31,sale,PO p4p shampoo 250ml,PER*01,30.73
2018-05-31,sale,PO perfect 4 platinum con 250m,PER*01,33.52
2018-05-31,sale,Women's hair cut,WAIS01,70.0
2018-05-31,sale,Women's hair cut,CORS02,80.0
2018-05-31,sale,KM Body builder 350m,WALK_IN,31.05
2018-05-31,sale,Color full color,HAMN01,75.0
2018-05-31,sale,Blowdry,HAMN01,40.0
2018-05-31,sale,Women's hair cut,LEVL01,102.0
2018-05-31,sale,Women's hair cut,SMIC01,90.0
2018-05-31,sale,Men's hair cut,REIM01,50.0
2018-05-31,sale,Blowdry,HOLL01,50.0
2018-05-31,sale,Shu color lustre sh 300ml,WALK_IN,46.0
2018-05-31,sale,Shu color lustre con 250ml,WALK_IN,56.0
2018-05-31,sale,Women's hair cut,GELK01,102.0
2018-05-31,sale,Women's hair cut,LEEJ01,55.0
2018-05-31,sale,Women's hair cut,MCGA01,102.0
2018-05-31,sale,Women's hair cut,YOUS01,90.0
2018-05-31,sale,Accent lights and color,YOUS01,140.0
2018-05-31,sale,Blowdry,CHUJ01,50.0
2018-05-31,sale,KM Body builder 350m,CHUJ01,31.05
2018-05-31,sale,Blowdry,STEK01,30.0
2018-05-31,sale,Blowdry,STED01,35.0
2018-04-04,sale,Women's hair cut,WOOD01,92.0
2018-04-04,sale,Color touch up,WOOD01,55.0
2018-05-31,sale,Men's hair cut,MACK01,35.0
2018-05-31,sale,Blowdry,ELSM01,50.0
2018-05-31,sale,LP hair touch up light brown 5,ELSM01,18.45
2018-05-31,sale,Women's hair cut,HOLG01,75.0
2018-05-31,sale,Men's hair cut,LYNG01,60.0
2018-05-31,sale,Treatments 1,COWS01,5.0
2018-05-31,sale,Balayage,COWS01,200.0
2018-05-31,sale,Women's hair cut,OGRS01,0.0
2018-05-31,sale,Smart Bond,OGRS01,25.0
2018-05-31,sale,double process blonde,OGRS01,150.0
2018-05-31,sale,Color touch up,IRWE01,70.0
2018-05-31,sale,Men's hair cut,IRWE01,55.0
2018-05-31,sale,Blowdry,DOWR01,52.0
2018-05-31,sale,Balayage,PAUB01,150.0
2018-05-31,sale,Smart Bond,PAUB01,30.0
2018-05-31,sale,Color toner,PAUB01,45.0
2018-06-01,sale,Blowdry,SIRM01,50.0
2018-06-01,sale,Discount/Promotion,SIRM01,-50.0
2018-06-01,sale,Women's hair cut,GOUE01,80.0
2018-06-01,sale,Men's hair cut,STEB01,50.0
2018-06-01,sale,Women's hair cut,GOSD01,82.0
2018-06-01,sale,Dry updo,PUGS01,102.0
2018-06-01,sale,Accent lights and color,SCHP01,110.0
2018-06-01,sale,Women's hair cut,SCHP01,70.0
2018-06-01,sale,Women's hair cut,FZUA01,60.0
2018-06-01,sale,Color touch up,MUMK01,70.0
2018-06-01,sale,Women's hair cut,MUMK01,75.0
2018-06-01,sale,Men's hair cut,NICP01,50.0
2018-06-01,sale,Women's hair cut,NADS01,42.0
2018-06-01,sale,Color full color,NADS01,75.0
2018-06-01,sale,Blowdry,NADS01,50.0
2018-06-01,sale,Men's hair cut,MCLI01,60.0
2018-06-01,sale,Women's hair cut,PAIK01,60.0
2018-06-01,sale,Women's hair cut,JARM01,102.0
2018-06-02,sale,Blowdry,SKUD01,50.0
2018-06-02,sale,Discount/Promotion,SKUD01,-50.0
2018-06-02,sale,Men's camo color,HOFA01,0.0
2018-06-02,sale,Men's hair cut,HOFA01,60.0
2018-06-02,sale,Women's hair cut,RUMJ02,92.0
2018-06-02,sale,Color touch up,RUMJ02,60.0
2018-06-02,sale,Men's hair cut,PURD01,40.0
2018-06-02,sale,Women's hair cut,METJ01,60.0
2018-06-02,sale,Treatments 1,METJ01,20.0
2018-06-02,sale,Men's hair cut,PEDM02,30.0
2018-06-02,sale,Women's hair cut,PEDM01,60.0
2018-06-02,sale,Women's hair cut,PHIC01,70.0
2018-06-02,sale,Men's hair cut,ABLD01,30.0
2018-06-02,sale,Treatments 1,RODP01,20.0
2018-06-02,sale,Blowdry,RODP01,50.0
2018-06-02,sale,Color toner,BENL01,0.0
2018-06-02,sale,Blowdry,BURK01,35.0
2018-06-02,sale,Women's hair cut,MILE01,90.0
2018-06-02,sale,Blowdry,BANR01,50.0
2018-06-02,sale,Color touch up,BANR01,70.0
2018-06-02,sale,Color touch up,VARL01,45.0
2018-06-02,sale,Women's hair cut,VARL01,75.0
2018-06-02,sale,Men's hair cut,BUDG02,55.0
2018-04-04,sale,Women's hair cut,KEN*01,70.0
2018-04-04,sale,PO SC superfood masque 150ml,KEN*01,38.31
2018-06-02,sale,Blowdry,FERK01,32.0
2018-06-02,sale,Blowdry,HUDM01,55.0
2018-06-02,sale,Highlights partial,HUDM01,160.0
2018-06-02,sale,Women's hair cut,CULT01,70.0
2018-06-02,sale,Discount/Promotion,WALK_IN,16.0
2018-06-02,sale,Blowdry,WOOJ01,50.0
2018-06-02,sale,Partial highlights and color,STUM01,160.0
2018-06-02,sale,Shu BB serum fine 150m,STUM01,37.8
2018-06-02,sale,KM Anti gravity lotion 150ml,WALK_IN,16.0
2018-06-02,sale,KM Rough Rider 100g,WALK_IN,16.0
2018-06-02,sale,KM Night Rider 100g,WALK_IN,16.0
2018-06-02,sale,Women's hair cut,MAF*01,82.0
2018-06-02,sale,Shu texture wave 193g,MAF*01,37.8
2018-06-02,sale,Women's hair cut,DHAS01,55.0
2018-03-15,sale,Men's hair cut,THOD01,40.0
2018-04-04,sale,Men's hair cut,SLUS01,40.0
2018-06-03,sale,Blowdry,NELT01,50.0
2018-06-03,sale,Smoothing treatment,CZES01,240.0
2018-06-03,sale,KM Smooth Again 200ml,WALK_IN,40.0
2018-06-03,sale,Women's hair cut,MICM01,60.0
2018-06-03,sale,Women's hair cut,INGS01,60.0
2018-06-03,sale,Women's hair cut,COMJ01,60.0
2018-06-03,sale,KM Doo over 250ml,COMJ01,34.5
2018-06-03,sale,Women's hair cut,WONM02,102.0
2018-06-03,sale,Women's hair cut,SENM01,80.0
2018-06-05,sale,Men's hair cut,GRIP01,50.0
2018-04-04,sale,Men's hair cut,SARA01,40.0
2018-06-05,sale,Men's hair cut,AITS01,40.0
2018-06-05,sale,Women's hair cut,SIDA01,60.0
2018-06-05,sale,Men's hair cut,THOW02,60.0
2018-06-05,sale,Discount/Promotion,WALK_IN,41.4
2018-06-05,sale,Women's hair cut,BROA01,80.0
2018-06-05,sale,Partial highlights and color,TRAS01,130.0
2018-06-05,sale,Women's hair cut,BOWV01,102.0
2018-06-05,sale,Women's hair cut,REDM01,102.0
2018-06-05,sale,Men's hair cut,YATT01,50.0
2018-04-04,sale,Highlights full,SCHH01,120.0
2018-04-04,sale,Blowdry,SCHH01,40.0
2018-06-05,sale,Women's hair cut,GORM01,65.0
2018-06-05,sale,Color touch up,GORM01,60.0
2018-06-05,sale,Men's hair cut,WRI*01,50.0
2018-06-05,sale,Women's hair cut,HEIM01,80.0
2018-06-05,sale,Women's hair cut,CASH01,102.0
2018-06-05,sale,Women's hair cut,MARK01,80.0
2018-06-05,sale,Men's hair cut,LEHJ01,50.0
2018-06-05,sale,Men's hair cut,FINW01,50.0
2018-06-05,sale,Women's hair cut,MARR01,82.0
2018-06-06,sale,Men's hair cut,COLE01,60.0
2018-06-06,sale,Men's hair cut,COLB01,60.0
2018-06-06,sale,Men's hair cut,GRET01,60.0
2018-06-06,sale,Shu silk bloom sh300ml,GRET01,41.4
2018-06-06,sale,Women's hair cut,SCOL01,90.0
2018-06-06,sale,Blowdry,HOLL01,52.0
2018-04-04,sale,Men's hair cut,MARG01,40.0
2018-06-06,sale,Women's hair cut,FEDS01,82.0
2018-06-06,sale,Women's hair cut,ANDE01,55.0
2018-06-06,sale,Women's hair cut,CHRJ01,82.0
2018-06-06,sale,Men's hair cut,WEES01,40.0
2018-06-06,sale,Color additional service,MCGA01,50.0
2018-06-06,sale,Women's hair cut,NGUJ01,45.0
2018-06-06,sale,double process blonde,NGUJ01,180.0
2018-06-06,sale,Smart Bond,NGUJ01,75.0
2018-06-06,sale,Blowdry,AMAK01,35.0
2018-06-06,sale,Women's hair cut,DANJ03,82.0
2018-06-06,sale,Women's hair cut,LEEK01,55.0
2018-06-06,sale,Blowdry,CLAJ01,32.0
2018-06-06,sale,Men's hair cut,VERD01,35.0
2018-06-06,sale,Men's hair cut,TRUA01,40.0
2018-06-07,sale,Blowdry,NELT01,52.0
2018-06-07,sale,Women's hair cut,KOOM01,102.0
2018-06-07,sale,Blowdry,BIZK01,32.0
2018-06-07,sale,Accent lights and color,BROF01,140.0
2018-06-07,sale,Blowdry,BROF01,55.0
2018-06-07,sale,Blowdry,POLB01,55.0
2018-06-07,sale,Women's hair cut,PENM01,102.0
2018-06-07,sale,Color touch up,PENM01,70.0
2018-04-05,sale,Women's hair cut,JASA01,82.0
2018-06-07,sale,Women's hair cut,WINJ01,82.0
2018-06-07,sale,Women's hair cut,ALCV01,55.0
2018-06-07,sale,Color touch up,BROA01,70.0
2018-06-07,sale,Blowdry,WOOD02,52.0
2018-06-07,sale,Women's hair cut,CLUS01,55.0
2018-06-07,sale,Women's hair cut,SWAM01,55.0
2018-06-07,sale,Accent lights and color,WOOJ01,140.0
2018-06-07,sale,Blowdry,WOOJ01,52.0
2018-04-05,sale,Women's hair cut,VERM01,82.0
2018-06-07,sale,Women's hair cut,HERD01,45.0
2018-06-07,sale,LP hair touch up brown 59ml,HERD01,18.45
2018-06-07,sale,Blowdry,KUKK01,42.0
2018-06-07,sale,Highlights partial,KUKK01,150.0
2018-06-08,sale,Women's hair cut,NICM01,102.0
2018-06-08,sale,Women's hair cut,SARK01,102.0
2018-06-08,sale,Women's hair cut,CLAM01,82.0
2018-06-08,sale,Women's hair cut,MALJ01,82.0
2018-06-08,sale,Men's hair cut,ZIMJ01,60.0
2018-06-08,sale,Dry updo,MARO01,60.0
2018-04-05,sale,Women's hair cut,DANJ02,60.0
2018-06-08,sale,Women's hair cut,LUL01,75.0
2018-06-08,sale,Highlights partial,BOES01,120.0
2018-06-08,sale,Women's hair cut,STOK02,82.0
2018-06-08,sale,Blowdry,ARRM01,45.0
2018-06-08,sale,Color full color,ARRM01,75.0
2018-06-08,sale,Blowdry,COLG01,52.0
2018-06-08,sale,Women's hair cut,NGC01,55.0
2018-06-08,sale,Blowdry,REIL01,52.0
2018-06-08,sale,Women's hair cut,MERN01,55.0
2018-06-08,sale,Men's hair cut,SINS01,60.0
2018-06-08,sale,Women's hair cut,CALC01,55.0
2018-06-08,sale,Women's hair cut,BEAA02,82.0
2018-06-08,sale,Shu cotton uzu 75m,BEAA02,37.8
2018-04-05,sale,Women's hair cut,JARS01,82.0
2018-06-09,sale,Blowdry,HUDM01,52.0
2018-06-09,sale,Women's hair cut,KRIJ01,102.0
2018-06-09,sale,Women's hair cut,YANJ01,45.0
2018-06-09,sale,Women's hair cut,GALG01,102.0
2018-06-09,sale,Color touch up,LEAS01,50.0
2018-06-09,sale,Men's hair cut,CAND01,60.0
2018-06-09,sale,Men's camo color,CAND01,45.0
2018-06-09,sale,Color touch up,KOSI01,70.0
2018-06-09,sale,Women's hair cut,KOSI01,102.0
